geo_code,geo_label,geo_labelw,label,name,HubName,HubDist
W06000016,Rhondda Cynon Taf,Rhondda Cynon Taf,W92000004W06000016,Rhondda Cynon Taf,"59228",1.21380365232285
S12000013,Eilean Siar,,S92000003S12000013,Eilean Siar,"130693",194.594756250393
W06000013,Bridgend,Pen-y-bont ar Ogwr,W92000004W06000013,Bridgend,"45214",0.430741008302758
E07000138,Lincoln,,E92000001E07000138,Lincoln,"57517",27.076793701426
E07000166,Richmondshire,,E92000001E07000166,Richmondshire,"9635",0.0679201297666685
E07000105,Ashford,,E92000001E07000105,Ashford,"26989",29.8622868841373
95JJ,Coleraine,,N9200000295JJ,Coleraine,"146785",73.4145351226675
W06000022,Newport,Casnewydd,W92000004W06000022,Newport,"64789",9.395764334506
E08000034,Kirklees,,E92000001E08000034,Kirklees,"160929",0.271228527498318
E07000126,South Ribble,,E92000001E07000126,South Ribble,"132815",7.02544425412437
S12000006,Dumfries & Galloway,,S92000003S12000006,Dumfries & Galloway,"127552",34.5697937224027
E09000023,Lewisham,,E92000001E09000023,Lewisham,"156696",84.0509232114754
E06000018,Nottingham,,E92000001E06000018,Nottingham,"153526",1.08427420182669
E09000028,Southwark,,E92000001E09000028,Southwark,"156696",88.0396197730653
E07000133,Melton,,E92000001E07000133,Melton,"146526",6.09904335978469
E07000219,Nuneaton and Bedworth,,E92000001E07000219,Nuneaton and Bedworth,"88131",0.0109314438982968
95DD,Ballymena,,N9200000295DD,Ballymena,"142525",65.9042063086449
E07000097,East Hertfordshire,,E92000001E07000097,East Hertfordshire,"156696",101.273616976024
E06000039,Slough,,E92000001E06000039,Slough,"90213",115.490484179732
E07000199,Tamworth,,E92000001E07000199,Tamworth,"154234",0.501953166765359
E07000173,Gedling,,E92000001E07000173,Gedling,"153856",2.4141814734443
E07000082,Stroud,,E92000001E07000082,Stroud,"23351",13.9131803740046
E06000034,Thurrock,,E92000001E06000034,Thurrock,"156696",58.9647309628262
W06000019,Blaenau Gwent,Blaenau Gwent,W92000004W06000019,Blaenau Gwent,"77668",0.15339028163437
E09000025,Newham,,E92000001E09000025,Newham,"156696",82.2117718004607
S12000046,Glasgow City,,S92000003S12000046,Glasgow City,"152736",0.393015075236089
E06000027,Torbay,,E92000001E06000027,Torbay,"129499",70.0918075452977
E09000024,Merton,,E92000001E09000024,Merton,"156696",95.2579098561401
E07000030,Eden,,E92000001E07000030,Eden,"153867",4.88813198150833
E06000017,Rutland,,E92000001E06000017,Rutland,"146527",25.2766851157921
E07000209,Guildford,,E92000001E07000209,Guildford,"156696",121.371223170331
E07000188,Sedgemoor,,E92000001E07000188,Sedgemoor,"85254",28.427342895487
E06000035,Medway,,E92000001E06000035,Medway,"156696",43.3729554019246
E09000029,Sutton,,E92000001E09000029,Sutton,"156696",94.260181235913
E07000148,Norwich,,E92000001E07000148,Norwich,"156696",146.230355434993
S12000038,Renfrewshire,,S92000003S12000038,Renfrewshire,"123882",0.475647582677337
E06000006,Halton,,E92000001E06000006,Halton,"35548",6.42181728902356
E07000177,Cherwell,,E92000001E07000177,Cherwell,"90213",47.7274463961744
E07000081,Gloucester,,E92000001E07000081,Gloucester,"27201",15.0407120250723
E09000019,Islington,,E92000001E09000019,Islington,"156696",92.6952875543275
E07000119,Fylde,,E92000001E07000119,Fylde,"131490",22.0390851840039
95FF,Banbridge,,N9200000295FF,Banbridge,"142525",124.470756582346
E07000226,Crawley,,E92000001E07000226,Crawley,"156696",97.5947327438861
E06000013,North Lincolnshire,,E92000001E06000013,North Lincolnshire,"148220",24.1982200145607
E07000108,Dover,,E92000001E07000108,Dover,"165912",0.599556466898423
E06000014,York,,E92000001E06000014,York,"159574",9.11284804189549
95HH,Carrickfergus,,N9200000295HH,Carrickfergus,"109851",76.2286568416779
E06000016,Leicester,,E92000001E06000016,Leicester,"89184",11.7118382869562
E07000062,Hastings,,E92000001E07000062,Hastings,"9442",55.7445256261591
E07000010,Fenland,,E92000001E07000010,Fenland,"146526",68.3600277576593
E08000020,Gateshead,,E92000001E08000020,Gateshead,"2271",0.251260407759529
E41000052,"Cornwall,Isles of Scilly",,E92000001E41000052,"Cornwall,Isles of Scilly","153989",103.74255472844
W06000015,Cardiff,Caerdydd,W92000004W06000015,Cardiff,"67899",8.22385815496014
E07000026,Allerdale,,E92000001E07000026,Allerdale,"145585",4.09100030144262
E08000024,Sunderland,,E92000001E08000024,Sunderland,"26802",0.807917477895274
E07000050,North Dorset,,E92000001E07000050,North Dorset,"86387",36.4379983190308
E07000218,North Warwickshire,,E92000001E07000218,North Warwickshire,"87611",1.57480598181008
E07000099,North Hertfordshire,,E92000001E07000099,North Hertfordshire,"90213",99.8934713695804
E07000103,Watford,,E92000001E07000103,Watford,"90213",107.447839744754
E08000017,Doncaster,,E92000001E08000017,Doncaster,"149115",2.51536434550756
S12000045,East Dunbartonshire,,S92000003S12000045,East Dunbartonshire,"10033",0.101348151741604
E07000120,Hyndburn,,E92000001E07000120,Hyndburn,"32097",0.104463025554796
E06000054,Wiltshire,,E92000001E06000054,Wiltshire,"86381",34.2861942536479
E07000234,Bromsgrove,,E92000001E07000234,Bromsgrove,"57028",9.57752826532405
E07000101,Stevenage,,E92000001E07000101,Stevenage,"90213",101.712786712212
W06000006,Wrexham,Wrecsam,W92000004W06000006,Wrexham,"43155",0.129765692887207
E07000072,Epping Forest,,E92000001E07000072,Epping Forest,"156696",82.761596261462
S12000040,West Lothian,,S92000003S12000040,West Lothian,"119385",0.600449369753435
E09000011,Greenwich,,E92000001E09000011,Greenwich,"156696",79.9390962609856
E07000048,Christchurch,,E92000001E07000048,Christchurch,"86387",68.5230080117973
E07000220,Rugby,,E92000001E07000220,Rugby,"90213",8.54514718282297
E07000141,South Kesteven,,E92000001E07000141,South Kesteven,"146526",29.3111268921542
E07000216,Waverley,,E92000001E07000216,Waverley,"86380",124.771273559523
W06000023,Powys,Powys,W92000004W06000023,Powys,"58321",50.4305920957507
S12000019,Midlothian,,S92000003S12000019,Midlothian,"134773",0.431715085293594
E08000022,North Tyneside,,E92000001E08000022,North Tyneside,"154181",0.170100768726032
E07000221,Stratford-on-Avon,,E92000001E07000221,Stratford-on-Avon,"90213",27.7284271278514
E06000030,Swindon,,E92000001E06000030,Swindon,"80526",47.5861487096924
E06000055,Bedford,,E92000001E06000055,Bedford,"90213",71.1663808651415
E08000018,Rotherham,,E92000001E08000018,Rotherham,"62379",0.797878025125158
S12000015,Fife,,S92000003S12000015,Fife,"6058",1.50495432621991
E06000001,Hartlepool,,E92000001E06000001,Hartlepool,"99809",6.79726623726149
E07000132,Hinckley and Bosworth,,E92000001E07000132,Hinckley and Bosworth,"88489",6.31025867034859
E07000121,Lancaster,,E92000001E07000121,Lancaster,"107308",1.50439960088371
E06000024,North Somerset,,E92000001E06000024,North Somerset,"78487",5.8032914208651
E07000190,Taunton Deane,,E92000001E07000190,Taunton Deane,"83824",49.9005831417186
E07000189,South Somerset,,E92000001E07000189,South Somerset,"86882",31.0085552651179
E07000075,Rochford,,E92000001E07000075,Rochford,"156696",39.2422972317511
E06000045,Southampton,,E92000001E06000045,Southampton,"86387",79.2985519121667
W06000010,Carmarthenshire,Sir Gaerfyrddin,W92000004W06000010,Carmarthenshire,"40482",9.66928298395276
E07000052,West Dorset,,E92000001E07000052,West Dorset,"86167",49.3900180633246
E09000006,Bromley,,E92000001E09000006,Bromley,"156696",79.0046416405634
95XX,North Down,,N9200000295XX,North Down,"109851",85.7808284507275
E06000020,Telford and Wrekin,,E92000001E06000020,Telford and Wrekin,"59555",2.35656314453879
E07000196,South Staffordshire,,E92000001E07000196,South Staffordshire,"149730",3.78931631778619
E07000115,Tonbridge and Malling,,E92000001E07000115,Tonbridge and Malling,"156696",56.439828066164
95MM,Derry,,N9200000295MM,Derry,"146785",109.711165058595
E07000033,Bolsover,,E92000001E07000033,Bolsover,"51552",1.87498562496292
E07000222,Warwick,,E92000001E07000222,Warwick,"90213",14.3431726624415
E07000035,Derbyshire Dales,,E92000001E07000035,Derbyshire Dales,"161499",12.1590757613557
S12000030,Stirling,,S92000003S12000030,Stirling,"151557",26.9823167211856
E07000198,Staffordshire Moorlands,,E92000001E07000198,Staffordshire Moorlands,"169637",2.3736896725602
E08000008,Tameside,,E92000001E08000008,Tameside,"155736",0.283669708782721
E07000041,Exeter,,E92000001E07000041,Exeter,"129499",46.7619824969005
95QQ,Larne,,N9200000295QQ,Larne,"142525",58.2968929724225
E07000047,West Devon,,E92000001E07000047,West Devon,"129499",39.6141563561819
W06000012,Neath Port Talbot,Castell-nedd Port Talbot,W92000004W06000012,Neath Port Talbot,"137025",0.0636912631507836
E06000056,Central Bedfordshire,,E92000001E06000056,Central Bedfordshire,"90213",82.3247034450227
E07000197,Stafford,,E92000001E07000197,Stafford,"88482",9.60376177699146
S12000018,Inverclyde,,S92000003S12000018,Inverclyde,"123981",11.8228538851458
E08000030,Walsall,,E92000001E08000030,Walsall,"140956",0.41482312287957
E07000208,Epsom and Ewell,,E92000001E07000208,Epsom and Ewell,"156696",99.8067144625476
E06000047,County Durham,,E92000001E06000047,County Durham,"99190",0.649759030263136
95ZZ,Strabane,,N9200000295ZZ,Strabane,"146785",129.982766466811
W06000005,Flintshire,Sir y Fflint,W92000004W06000005,Flintshire,"38916",1.63187276548001
E06000051,Shropshire,,E92000001E06000051,Shropshire,"163224",3.97040427630725
W06000003,Conwy,Conwy,W92000004W06000003,Conwy,"167100",33.3418394730582
E07000201,Forest Heath,,E92000001E07000201,Forest Heath,"146527",110.283327036142
E07000153,Kettering,,E92000001E07000153,Kettering,"146527",39.5802607987046
E07000125,Rossendale,,E92000001E07000125,Rossendale,"103617",0.179892666728989
E09000016,Havering,,E92000001E09000016,Havering,"156696",70.4318298025529
E09000017,Hillingdon,,E92000001E09000017,Hillingdon,"156696",114.908521878241
E07000070,Chelmsford,,E92000001E07000070,Chelmsford,"156696",66.5535965797274
E06000048,Northumberland,,E92000001E06000048,Northumberland,"18596",1.42844347755337
E41000324,"City of London,Westminster",,E92000001E41000324,"City of London,Westminster","156696",94.0538923440698
E07000168,Scarborough,,E92000001E07000168,Scarborough,"31568",6.13614255701925
E07000112,Shepway,,E92000001E07000112,Shepway,"9442",20.1611394477266
E07000174,Mansfield,,E92000001E07000174,Mansfield,"148199",2.48987642160208
E07000095,Broxbourne,,E92000001E07000095,Broxbourne,"156696",96.5967887161719
E07000203,Mid Suffolk,,E92000001E07000203,Mid Suffolk,"156696",102.978256321767
E07000142,West Lindsey,,E92000001E07000142,West Lindsey,"57517",35.7606549542674
W06000011,Swansea,Abertawe,W92000004W06000011,Swansea,"36362",1.07347000808263
E06000038,Reading,,E92000001E06000038,Reading,"132396",99.1534694525849
E06000008,Blackburn with Darwen,,E92000001E06000008,Blackburn with Darwen,"2690",0.189027771776894
S12000023,Orkney Islands,,S92000003S12000023,Orkney Islands,"130692",115.637450573867
S12000034,Aberdeenshire,,S92000003S12000034,Aberdeenshire,"128833",100.380531717379
E07000066,Basildon,,E92000001E07000066,Basildon,"156696",57.4893188530067
E07000205,Suffolk Coastal,,E92000001E07000205,Suffolk Coastal,"156696",94.478890421327
E07000217,Woking,,E92000001E07000217,Woking,"156696",120.31189872588
E07000128,Wyre,,E92000001E07000128,Wyre,"157146",17.18251824019
E06000023,"Bristol, City of",,E92000001E06000023,"Bristol, City of","78487",2.92425502480918
E06000025,South Gloucestershire,,E92000001E06000025,South Gloucestershire,"79773",1.15278482926655
E07000084,Basingstoke and Deane,,E92000001E07000084,Basingstoke and Deane,"86380",83.3777962410729
E07000131,Harborough,,E92000001E07000131,Harborough,"89184",22.7751947099657
S12000010,East Lothian,,S92000003S12000010,East Lothian,"138690",5.26142279696137
E07000012,South Cambridgeshire,,E92000001E07000012,South Cambridgeshire,"146527",96.2048892513618
E07000063,Lewes,,E92000001E07000063,Lewes,"26989",92.3503766632646
E08000031,Wolverhampton,,E92000001E08000031,Wolverhampton,"149730",1.46007128074368
E09000004,Bexley,,E92000001E09000004,Bexley,"156696",72.9104517992886
E07000117,Burnley,,E92000001E07000117,Burnley,"100958",0.152034491574672
E06000036,Bracknell Forest,,E92000001E06000036,Bracknell Forest,"132396",116.778737638585
E06000009,Blackpool,,E92000001E06000009,Blackpool,"131490",29.1081849312091
E07000088,Gosport,,E92000001E07000088,Gosport,"86387",99.6624031090012
95EE,Ballymoney,,N9200000295EE,Ballymoney,"146785",60.6961581523357
W06000024,Merthyr Tydfil,Merthyr Tudful,W92000004W06000024,Merthyr Tydfil,"46706",0.0656846653054159
E07000109,Gravesham,,E92000001E07000109,Gravesham,"156696",54.4726379005459
E07000104,Welwyn Hatfield,,E92000001E07000104,Welwyn Hatfield,"156696",106.975618690821
E08000007,Stockport,,E92000001E08000007,Stockport,"31494",2.53413930678306
95NN,Down,,N9200000295NN,Down,"109851",120.536253229575
E07000089,Hart,,E92000001E07000089,Hart,"86380",106.709614965781
95TT,Magherafelt,,N9200000295TT,Magherafelt,"146785",92.8694001708639
E06000003,Redcar and Cleveland,,E92000001E06000003,Redcar and Cleveland,"170625",4.89887064990425
95RR,Limavady,,N9200000295RR,Limavady,"146785",92.1457015775329
E08000009,Trafford,,E92000001E08000009,Trafford,"151126",7.75898782153044
E07000106,Canterbury,,E92000001E07000106,Canterbury,"156696",6.59253287355022
E07000143,Breckland,,E92000001E07000143,Breckland,"146526",119.778594931378
W06000002,Gwynedd,Gwynedd,W92000004W06000002,Gwynedd,"171282",36.1081282995463
E07000156,Wellingborough,,E92000001E07000156,Wellingborough,"90213",51.2782361320698
E07000029,Copeland,,E92000001E07000029,Copeland,"130166",14.8888179233987
E09000020,Kensington and Chelsea,,E92000001E09000020,Kensington and Chelsea,"156696",96.8903178518831
E08000002,Bury,,E92000001E08000002,Bury,"9131",0.187322917405462
95KK,Cookstown,,N9200000295KK,Cookstown,"146786",107.245110520988
95CC,Armagh,,N9200000295CC,Armagh,"142525",135.228863417139
E07000227,Horsham,,E92000001E07000227,Horsham,"156696",114.12822890484
E09000009,Ealing,,E92000001E09000009,Ealing,"156696",107.080693030619
E07000210,Mole Valley,,E92000001E07000210,Mole Valley,"156696",103.535316746278
E07000065,Wealden,,E92000001E07000065,Wealden,"26989",77.0814769305369
E06000011,East Riding of Yorkshire,,E92000001E06000011,East Riding of Yorkshire,"150961",35.1969652852483
E07000191,West Somerset,,E92000001E07000191,West Somerset,"129498",40.2200040402302
E07000042,Mid Devon,,E92000001E07000042,Mid Devon,"129499",35.5518128494719
E06000033,Southend-on-Sea,,E92000001E06000033,Southend-on-Sea,"156696",39.2764214069879
E07000037,High Peak,,E92000001E07000037,High Peak,"132998",6.6110407827023
E08000005,Rochdale,,E92000001E08000005,Rochdale,"39104",1.1435615558946
W06000001,Isle of Anglesey,Ynys Môn,W92000004W06000001,Isle of Anglesey,"32230",6.87197079890759
E07000034,Chesterfield,,E92000001E07000034,Chesterfield,"16320",0.654923980367382
S12000039,West Dunbartonshire,,S92000003S12000039,West Dunbartonshire,"39665",9.39141881692434
E07000090,Havant,,E92000001E07000090,Havant,"86387",108.829320762687
E07000137,East Lindsey,,E92000001E07000137,East Lindsey,"57517",65.4829134462984
E09000027,Richmond upon Thames,,E92000001E09000027,Richmond upon Thames,"156696",103.821532497901
E07000151,Daventry,,E92000001E07000151,Daventry,"90213",29.3001487635758
E07000229,Worthing,,E92000001E07000229,Worthing,"26989",120.385848923074
E07000093,Test Valley,,E92000001E07000093,Test Valley,"86387",64.5758330075459
95UU,Moyle,,N9200000295UU,Moyle,"146785",46.2704928460036
E07000195,Newcastle-under-Lyme,,E92000001E07000195,Newcastle-under-Lyme,"169265",1.5038574983964
E09000002,Barking and Dagenham,,E92000001E09000002,Barking and Dagenham,"156696",77.1864232278381
E09000010,Enfield,,E92000001E09000010,Enfield,"156696",95.6459212274537
E08000010,Wigan,,E92000001E08000010,Wigan,"144244",0.166728430078107
E08000026,Coventry,,E92000001E08000026,Coventry,"87929",4.73206239552093
E06000046,Isle of Wight,,E92000001E06000046,Isle of Wight,"86387",98.5847366901377
S12000026,Scottish Borders,,S92000003S12000026,Scottish Borders,"6668",28.7897041284984
E07000213,Spelthorne,,E92000001E07000213,Spelthorne,"156696",114.304466872814
E07000087,Fareham,,E92000001E07000087,Fareham,"86387",94.117877266159
E07000079,Cotswold,,E92000001E07000079,Cotswold,"27201",32.2516258457631
E07000130,Charnwood,,E92000001E07000130,Charnwood,"87378",14.132156293094
E07000113,Swale,,E92000001E07000113,Swale,"156696",25.189491735363
95SS,Lisburn,,N9200000295SS,Lisburn,"142525",105.382723793279
E06000040,Windsor and Maidenhead,,E92000001E06000040,Windsor and Maidenhead,"90213",113.954190825943
E07000038,North East Derbyshire,,E92000001E07000038,North East Derbyshire,"16295",0.0345070458018723
E08000028,Sandwell,,E92000001E08000028,Sandwell,"72901",0.118187818055951
E06000029,Poole,,E92000001E06000029,Poole,"86387",63.1313576905349
E07000145,Great Yarmouth,,E92000001E07000145,Great Yarmouth,"156696",150.593430265385
E07000129,Blaby,,E92000001E07000129,Blaby,"89184",9.62444395365443
E07000124,Ribble Valley,,E92000001E07000124,Ribble Valley,"100923",10.6540586314524
95AA,Antrim,,N9200000295AA,Antrim,"142525",87.806789597537
E06000032,Luton,,E92000001E06000032,Luton,"90213",89.1200950131715
E07000175,Newark and Sherwood,,E92000001E07000175,Newark and Sherwood,"158104",7.89589555865604
E07000064,Rother,,E92000001E07000064,Rother,"9442",51.1163057450255
E08000021,Newcastle upon Tyne,,E92000001E08000021,Newcastle upon Tyne,"17459",0.285309174401721
E07000237,Worcester,,E92000001E07000237,Worcester,"56016",16.2557222797702
E07000179,South Oxfordshire,,E92000001E07000179,South Oxfordshire,"90213",87.6938320652976
95II,Castlereagh,,N9200000295II,Castlereagh,"109851",97.1524261283827
E07000149,South Norfolk,,E92000001E07000149,South Norfolk,"156696",133.948164789046
E07000187,Mendip,,E92000001E07000187,Mendip,"86882",4.91898767484072
S12000035,Argyll & Bute,,S92000003S12000035,Argyll & Bute,"144859",51.3729709664918
E07000077,Uttlesford,,E92000001E07000077,Uttlesford,"156696",91.5761958624592
95GG,Belfast,,N9200000295GG,Belfast,"142525",92.1506999506317
S12000028,South Ayrshire,,S92000003S12000028,South Ayrshire,"161673",2.02940985960459
E07000011,Huntingdonshire,,E92000001E07000011,Huntingdonshire,"146527",65.8242077689867
E07000083,Tewkesbury,,E92000001E07000083,Tewkesbury,"136079",23.31998189609
E07000127,West Lancashire,,E92000001E07000127,West Lancashire,"175348",6.60257024399377
E06000005,Darlington,,E92000001E06000005,Darlington,"171371",10.327044542139
E07000008,Cambridge,,E92000001E07000008,Cambridge,"146527",96.3634682027344
E07000078,Cheltenham,,E92000001E07000078,Cheltenham,"27201",23.9788834299449
E07000036,Erewash,,E92000001E07000036,Erewash,"145924",0.922417196888081
E06000037,West Berkshire,,E92000001E06000037,West Berkshire,"132396",78.7475376364263
E07000045,Teignbridge,,E92000001E07000045,Teignbridge,"129499",50.0253108150054
E06000044,Portsmouth,,E92000001E06000044,Portsmouth,"86387",103.836037942853
E09000021,Kingston upon Thames,,E92000001E09000021,Kingston upon Thames,"156696",101.563102824469
E08000003,Manchester,,E92000001E08000003,Manchester,"153418",3.89927792906081
E08000011,Knowsley,,E92000001E08000011,Knowsley,"172030",0.304081339809255
E08000023,South Tyneside,,E92000001E08000023,South Tyneside,"25996",0.459115894878324
95OO,Dungannon,,N9200000295OO,Dungannon,"146786",133.759357316073
E07000068,Brentwood,,E92000001E07000068,Brentwood,"156696",70.9767627198892
S12000027,Shetland Islands,,S92000003S12000027,Shetland Islands,"130692",278.864350696451
E07000080,Forest of Dean,,E92000001E07000080,Forest of Dean,"128774",1.4846349372321
W06000008,Ceredigion,Ceredigion,W92000004W06000008,Ceredigion,"36433",53.6246581233958
E07000224,Arun,,E92000001E07000224,Arun,"26989",132.080171333093
E07000225,Chichester,,E92000001E07000225,Chichester,"86387",124.143308427651
E07000111,Sevenoaks,,E92000001E07000111,Sevenoaks,"156696",68.5337401430182
E07000193,East Staffordshire,,E92000001E07000193,East Staffordshire,"142440",14.7938587016981
E06000021,Stoke-on-Trent,,E92000001E06000021,Stoke-on-Trent,"153439",0.174361450976875
E07000004,Aylesbury Vale,,E92000001E07000004,Aylesbury Vale,"90213",68.6955703363302
E09000032,Wandsworth,,E92000001E09000032,Wandsworth,"156696",96.1394413346007
E07000140,South Holland,,E92000001E07000140,South Holland,"146526",61.5627005361712
E07000031,South Lakeland,,E92000001E07000031,South Lakeland,"106535",19.0685477339194
W06000020,Torfaen,Tor-faen,W92000004W06000020,Torfaen,"82682",0.105987071578008
E07000114,Thanet,,E92000001E07000114,Thanet,"26992",11.9990589796392
E07000134,North West Leicestershire,,E92000001E07000134,North West Leicestershire,"88002",0.127033049162336
95LL,Craigavon,,N9200000295LL,Craigavon,"142525",113.262872841589
E08000001,Bolton,,E92000001E08000001,Bolton,"131236",0.524489018771527
E07000200,Babergh,,E92000001E07000200,Babergh,"156696",84.4943764686658
E09000003,Barnet,,E92000001E09000003,Barnet,"156696",102.031745944179
E07000194,Lichfield,,E92000001E07000194,Lichfield,"88171",10.535927213669
E07000118,Chorley,,E92000001E07000118,Chorley,"131587",1.86778079321172
S12000005,Clackmannanshire,,S92000003S12000005,Clackmannanshire,"118869",0.161468594775692
E07000102,Three Rivers,,E92000001E07000102,Three Rivers,"90213",105.391164972446
95PP,Fermanagh,,N9200000295PP,Fermanagh,"146785",172.252023996096
95WW,Newtownabbey,,N9200000295WW,Newtownabbey,"142525",79.4325788583515
S12000044,North Lanarkshire,,S92000003S12000044,North Lanarkshire,"124976",0.0813419832431845
E07000150,Corby,,E92000001E07000150,Corby,"146527",33.7848361985259
E09000026,Redbridge,,E92000001E09000026,Redbridge,"156696",81.7076871053538
E06000015,Derby,,E92000001E06000015,Derby,"50963",6.76920001586635
E07000040,East Devon,,E92000001E07000040,East Devon,"129499",59.9651821619525
E07000170,Ashfield,,E92000001E07000170,Ashfield,"146054",1.05914793239643
E07000096,Dacorum,,E92000001E07000096,Dacorum,"90213",91.2876441689351
E07000165,Harrogate,,E92000001E07000165,Harrogate,"101824",4.10621279382503
E07000107,Dartford,,E92000001E07000107,Dartford,"156696",65.5457432714
E07000122,Pendle,,E92000001E07000122,Pendle,"31685",3.27596463673243
E09000022,Lambeth,,E92000001E09000022,Lambeth,"156696",90.8327082139765
E07000207,Elmbridge,,E92000001E07000207,Elmbridge,"156696",109.104077804061
E07000032,Amber Valley,,E92000001E07000032,Amber Valley,"53410",0.0394820731891819
E06000007,Warrington,,E92000001E06000007,Warrington,"154990",5.84837592168474
E07000092,Rushmoor,,E92000001E07000092,Rushmoor,"86380",114.747248022202
E07000223,Adur,,E92000001E07000223,Adur,"26989",113.6375742203
95BB,Ards,,N9200000295BB,Ards,"159596",99.8276088911838
E07000176,Rushcliffe,,E92000001E07000176,Rushcliffe,"149152",1.28713668967288
E07000144,Broadland,,E92000001E07000144,Broadland,"146526",152.972117149116
E07000236,Redditch,,E92000001E07000236,Redditch,"57029",18.7613781248365
E09000012,Hackney,,E92000001E09000012,Hackney,"156696",89.4700007096829
E08000027,Dudley,,E92000001E08000027,Dudley,"65201",0.0528367365958775
E07000238,Wychavon,,E92000001E07000238,Wychavon,"54774",27.6088916421772
E07000053,Weymouth and Portland,,E92000001E07000053,Weymouth and Portland,"83107",70.7397944107201
E09000014,Haringey,,E92000001E09000014,Haringey,"156696",93.8033943736744
S12000033,Aberdeen City,,S92000003S12000033,Aberdeen City,"128833",100.721605807071
S12000042,Dundee City,,S92000003S12000042,Dundee City,"138850",18.282503271819
E07000073,Harlow,,E92000001E07000073,Harlow,"156696",89.0840051197908
E06000050,Cheshire West and Chester,,E92000001E06000050,Cheshire West and Chester,"42454",17.8857263319455
W06000018,Caerphilly,Caerffili,W92000004W06000018,Caerphilly,"67443",0.219308416732057
E06000019,"Herefordshire, County of",,E92000001E06000019,"Herefordshire, County of","136079",27.4211888997134
E09000031,Waltham Forest,,E92000001E09000031,Waltham Forest,"156696",88.4666176841008
E07000085,East Hampshire,,E92000001E07000085,East Hampshire,"86387",105.23679806027
E09000007,Camden,,E92000001E09000007,Camden,"156696",95.8719076686966
E07000152,East Northamptonshire,,E92000001E07000152,East Northamptonshire,"146527",46.2871896986374
E07000212,Runnymede,,E92000001E07000212,Runnymede,"156696",119.326099252282
W06000004,Denbighshire,Sir Ddinbych,W92000004W06000004,Denbighshire,"39382",13.9835201368295
E09000030,Tower Hamlets,,E92000001E09000030,Tower Hamlets,"156696",86.7319690739336
E07000071,Colchester,,E92000001E07000071,Colchester,"156696",65.8965062373884
E06000010,"Kingston upon Hull, City of",,E92000001E06000010,"Kingston upon Hull, City of","148220",42.1691448187424
E07000098,Hertsmere,,E92000001E07000098,Hertsmere,"156696",108.301248492145
E08000032,Bradford,,E92000001E08000032,Bradford,"29801",1.1877901324355
E09000018,Hounslow,,E92000001E09000018,Hounslow,"156696",107.247896208003
95YY,Omagh,,N9200000295YY,Omagh,"146785",137.500529918766
E09000005,Brent,,E92000001E09000005,Brent,"156696",103.431828451656
E07000180,Vale of White Horse,,E92000001E07000180,Vale of White Horse,"80526",67.9036451474816
E08000006,Salford,,E92000001E08000006,Salford,"151126",1.16595217785809
S12000020,Moray,,S92000003S12000020,Moray,"130693",77.4137961189778
E07000110,Maidstone,,E92000001E07000110,Maidstone,"156696",41.5567857299824
E07000204,St Edmundsbury,,E92000001E07000204,St Edmundsbury,"156696",107.314288316263
E09000015,Harrow,,E92000001E09000015,Harrow,"156696",109.286593332131
E07000074,Maldon,,E92000001E07000074,Maldon,"156696",52.8378129715988
E07000211,Reigate and Banstead,,E92000001E07000211,Reigate and Banstead,"156696",95.7231366047316
E08000033,Calderdale,,E92000001E08000033,Calderdale,"167977",0.233384308351704
E07000027,Barrow-in-Furness,,E92000001E07000027,Barrow-in-Furness,"107292",33.7258838212736
E07000164,Hambleton,,E92000001E07000164,Hambleton,"124643",8.01643219531712
E07000146,King's Lynn and West Norfolk,,E92000001E07000146,King's Lynn and West Norfolk,"146526",95.3837948102105
E07000136,Boston,,E92000001E07000136,Boston,"165333",64.2952613600294
E07000094,Winchester,,E92000001E07000094,Winchester,"86387",84.9371477477951
E09000013,Hammersmith and Fulham,,E92000001E09000013,Hammersmith and Fulham,"156696",98.5814763384197
E06000012,North East Lincolnshire,,E92000001E06000012,North East Lincolnshire,"148220",54.2022559885102
S12000011,East Renfrewshire,,S92000003S12000011,East Renfrewshire,"14684",4.82065661326238
E08000004,Oldham,,E92000001E08000004,Oldham,"172321",0.484781305897165
E06000041,Wokingham,,E92000001E06000041,Wokingham,"132396",105.592334076305
E08000036,Wakefield,,E92000001E08000036,Wakefield,"71101",0.476509455363016
W06000021,Monmouthshire,Sir Fynwy,W92000004W06000021,Monmouthshire,"156496",10.5566140427348
E08000029,Solihull,,E92000001E08000029,Solihull,"151864",11.4398919422028
E07000043,North Devon,,E92000001E07000043,North Devon,"129498",7.09862312770416
E08000014,Sefton,,E92000001E08000014,Sefton,"109452",12.3565084079005
E06000049,Cheshire East,,E92000001E06000049,Cheshire East,"94755",10.3630051352675
E07000171,Bassetlaw,,E92000001E07000171,Bassetlaw,"150938",8.96032876844222
E07000239,Wyre Forest,,E92000001E07000239,Wyre Forest,"50684",4.92714186020307
E08000013,St. Helens,,E92000001E08000013,St. Helens,"169800",0.214999309710755
E07000116,Tunbridge Wells,,E92000001E07000116,Tunbridge Wells,"26989",58.510496744779
S12000014,Falkirk,,S92000003S12000014,Falkirk,"24061",1.18490333505216
E06000026,Plymouth,,E92000001E06000026,Plymouth,"130921",69.2550759114516
E06000031,Peterborough,,E92000001E06000031,Peterborough,"146527",49.8982780048246
E07000181,West Oxfordshire,,E92000001E07000181,West Oxfordshire,"90213",61.5499985926208
E08000035,Leeds,,E92000001E08000035,Leeds,"33429",1.28486019929425
S12000036,"Edinburgh, City of",,S92000003S12000036,"Edinburgh, City of","120214",5.49939811497714
S12000029,South Lanarkshire,,S92000003S12000029,South Lanarkshire,"45442",0.699176871613986
E07000051,Purbeck,,E92000001E07000051,Purbeck,"86387",64.2585477230735
E07000005,Chiltern,,E92000001E07000005,Chiltern,"90213",96.8556349525654
E09000008,Croydon,,E92000001E09000008,Croydon,"156696",87.0693109801264
W06000014,The Vale of Glamorgan,Bro Morgannwg,W92000004W06000014,The Vale of Glamorgan,"152220",7.65544329539058
E07000039,South Derbyshire,,E92000001E07000039,South Derbyshire,"88412",3.82200507851279
E07000155,South Northamptonshire,,E92000001E07000155,South Northamptonshire,"90213",42.02463023369
E06000042,Milton Keynes,,E92000001E06000042,Milton Keynes,"90213",59.0495619081358
E06000002,Middlesbrough,,E92000001E06000002,Middlesbrough,"105393",7.96598502654423
S12000008,East Ayrshire,,S92000003S12000008,East Ayrshire,"128498",0.675577815463667
95VV,Newry and Mourne,,N9200000295VV,Newry and Mourne,"142525",146.135243305329
S12000041,Angus,,S92000003S12000041,Angus,"128833",45.0061778992956
E07000006,South Bucks,,E92000001E07000006,South Bucks,"90213",109.661979087038
E07000044,South Hams,,E92000001E07000044,South Hams,"129499",71.5858897716188
E07000007,Wycombe,,E92000001E07000007,Wycombe,"90213",92.0498200953756
E07000069,Castle Point,,E92000001E07000069,Castle Point,"156696",46.7843087921254
E07000228,Mid Sussex,,E92000001E07000228,Mid Sussex,"26989",95.4252871470621
E07000009,East Cambridgeshire,,E92000001E07000009,East Cambridgeshire,"146527",95.227893893171
E07000206,Waveney,,E92000001E07000206,Waveney,"156696",127.542714336457
E06000043,Brighton and Hove,,E92000001E06000043,Brighton and Hove,"26989",103.014429732825
E07000163,Craven,,E92000001E07000163,Craven,"100492",5.38041739294259
S12000021,North Ayrshire,,S92000003S12000021,North Ayrshire,"4644",9.84217377951329
E08000016,Barnsley,,E92000001E08000016,Barnsley,"70543",0.0856713330368297
E07000100,St Albans,,E92000001E07000100,St Albans,"90213",102.612742879209
E07000178,Oxford,,E92000001E07000178,Oxford,"90213",72.4035630290502
E07000076,Tendring,,E92000001E07000076,Tendring,"156696",61.1830141214059
E07000215,Tandridge,,E92000001E07000215,Tandridge,"156696",85.3711091754535
E07000135,Oadby and Wigston,,E92000001E07000135,Oadby and Wigston,"89184",15.3141149832478
E07000067,Braintree,,E92000001E07000067,Braintree,"156696",79.0427969158765
E08000012,Liverpool,,E92000001E08000012,Liverpool,"6256",5.76512996390304
E07000091,New Forest,,E92000001E07000091,New Forest,"86387",69.0145596997067
E08000019,Sheffield,,E92000001E08000019,Sheffield,"63980",0.0892810268194228
E08000015,Wirral,,E92000001E08000015,Wirral,"39920",9.80254932951775
E06000028,Bournemouth,,E92000001E06000028,Bournemouth,"86387",67.6242357648161
E07000028,Carlisle,,E92000001E07000028,Carlisle,"115618",10.0876750389713
E07000235,Malvern Hills,,E92000001E07000235,Malvern Hills,"55880",14.4620750446085
E07000123,Preston,,E92000001E07000123,Preston,"107974",15.4719111876224
E07000139,North Kesteven,,E92000001E07000139,North Kesteven,"165333",32.573162734999
S12000017,Highland,,S92000003S12000017,Highland,"130693",74.7340284566072
W06000009,Pembrokeshire,Sir Benfro,W92000004W06000009,Pembrokeshire,"36531",1.2965100437468
E07000167,Ryedale,,E92000001E07000167,Ryedale,"103856",13.5168128081702
E06000022,Bath and North East Somerset,,E92000001E06000022,Bath and North East Somerset,"82039",0.12319716294433
E07000192,Cannock Chase,,E92000001E07000192,Cannock Chase,"173821",0.444352820785232
E07000061,Eastbourne,,E92000001E07000061,Eastbourne,"9442",79.644689689445
E07000172,Broxtowe,,E92000001E07000172,Broxtowe,"141467",0.0763033331471381
E07000202,Ipswich,,E92000001E07000202,Ipswich,"156696",82.748253870335
E07000154,Northampton,,E92000001E07000154,Northampton,"90213",42.168788527769
E07000214,Surrey Heath,,E92000001E07000214,Surrey Heath,"132396",121.935706646094
E07000086,Eastleigh,,E92000001E07000086,Eastleigh,"86387",83.3482450555922
E07000147,North Norfolk,,E92000001E07000147,North Norfolk,"146526",143.299735387954
E08000025,Birmingham,,E92000001E08000025,Birmingham,"63921",4.40410018568043
E07000049,East Dorset,,E92000001E07000049,East Dorset,"86387",50.83812904141
E07000046,Torridge,,E92000001E07000046,Torridge,"153989",10.9167621146201
E06000004,Stockton-on-Tees,,E92000001E06000004,Stockton-on-Tees,"100161",13.52460743937
S12000024,Perth & Kinross,,S92000003S12000024,Perth & Kinross,"24685",42.283117272032
E07000169,Selby,,E92000001E07000169,Selby,"151858",3.92208998658733
