geo_code,geo_label,geo_labelw,label,name,HubName,HubDist
W06000016,Rhondda Cynon Taf,Rhondda Cynon Taf,W92000004W06000016,Rhondda Cynon Taf,Turley,25.6803576646929
S12000013,Eilean Siar,,S92000003S12000013,Eilean Siar,EastMarshes,393.680169845801
W06000013,Bridgend,Pen-y-bont ar Ogwr,W92000004W06000013,Bridgend,Ogmore,10.7384195643889
E07000138,Lincoln,,E92000001E07000138,Lincoln,Lincoln,1.24826934216855
E07000166,Richmondshire,,E92000001E07000166,Richmondshire,StocktonOnTees,45.4189063498919
E07000105,Ashford,,E92000001E07000105,Ashford,Romney,20.2904821424689
95JJ,Coleraine,,N9200000295JJ,Coleraine,Peel,158.67950256284
W06000022,Newport,Casnewydd,W92000004W06000022,Newport,Newport_SouthWales,2.52553465479183
E08000034,Kirklees,,E92000001E08000034,Kirklees,Tadcaster,44.1377134828228
E07000126,South Ribble,,E92000001E07000126,South Ribble,Preston,3.67042628054077
S12000006,Dumfries & Galloway,,S92000003S12000006,Dumfries & Galloway,Silloth,45.5683621111948
E09000023,Lewisham,,E92000001E09000023,Lewisham,Greenwich,3.53980913819032
E06000018,Nottingham,,E92000001E06000018,Nottingham,Lincoln,51.6224064671599
E09000028,Southwark,,E92000001E09000028,Southwark,Greenwich,5.31773835954904
E07000133,Melton,,E92000001E07000133,Melton,MarketDeeping,39.4131648960867
E07000219,Nuneaton and Bedworth,,E92000001E07000219,Nuneaton and Bedworth,StratfordUponAvon,37.7302860985127
95DD,Ballymena,,N9200000295DD,Ballymena,Peel,124.757669994414
E07000097,East Hertfordshire,,E92000001E07000097,East Hertfordshire,Barking,37.17804619999
E06000039,Slough,,E92000001E06000039,Slough,Burnham,9.37367473926634
E07000199,Tamworth,,E92000001E07000199,Tamworth,StratfordUponAvon,48.103260691958
E07000173,Gedling,,E92000001E07000173,Gedling,Lincoln,44.4765402047169
E07000082,Stroud,,E92000001E07000082,Stroud,Stonehouse,7.08354269031032
E06000034,Thurrock,,E92000001E06000034,Thurrock,Tilbury,5.77785258584488
W06000019,Blaenau Gwent,Blaenau Gwent,W92000004W06000019,Blaenau Gwent,Caerleon,23.8532583330178
E09000025,Newham,,E92000001E09000025,Newham,Barking,2.36733891152948
S12000046,Glasgow City,,S92000003S12000046,Glasgow City,WestMarshes,119.06283016599
E06000027,Torbay,,E92000001E06000027,Torbay,Paignton,1.29572541835134
E09000024,Merton,,E92000001E09000024,Merton,London,11.6874152369612
E07000030,Eden,,E92000001E07000030,Eden,Carlisle,39.6278438968941
E06000017,Rutland,,E92000001E06000017,Rutland,MarketDeeping,21.3335196484489
E07000209,Guildford,,E92000001E07000209,Guildford,Hampton,22.0655618870787
E07000188,Sedgemoor,,E92000001E07000188,Sedgemoor,Bridgwater,3.25552377061119
E06000035,Medway,,E92000001E06000035,Medway,Gillingham,2.47373264954516
E09000029,Sutton,,E92000001E09000029,Sutton,Hampton,14.7323865100089
E07000148,Norwich,,E92000001E07000148,Norwich,Norwich,4.74903967700878
S12000038,Renfrewshire,,S92000003S12000038,Renfrewshire,WestMarshes,130.801271798102
E06000006,Halton,,E92000001E06000006,Halton,Runcorn,2.44594696390743
E07000177,Cherwell,,E92000001E07000177,Cherwell,StratfordUponAvon,37.5667540749178
E07000081,Gloucester,,E92000001E07000081,Gloucester,Gloucester,2.03722265864086
E09000019,Islington,,E92000001E09000019,Islington,Blackfriars,4.29033595955833
E07000119,Fylde,,E92000001E07000119,Fylde,Lytham,5.98524554568039
95FF,Banbridge,,N9200000295FF,Banbridge,PortErin,95.2294484460582
E07000226,Crawley,,E92000001E07000226,Crawley,Lewes,31.7296889215683
E06000013,North Lincolnshire,,E92000001E06000013,North Lincolnshire,Flixborough,9.14213008524312
E07000108,Dover,,E92000001E07000108,Dover,Sandwich,8.29928862752707
E06000014,York,,E92000001E06000014,York,York,6.52808843838327
95HH,Carrickfergus,,N9200000295HH,Carrickfergus,Peel,90.9710134417412
E06000016,Leicester,,E92000001E06000016,Leicester,MarketDeeping,55.2948795319318
E07000062,Hastings,,E92000001E07000062,Hastings,Hastings,1.65664487227523
E07000010,Fenland,,E92000001E07000010,Fenland,Wisbech,15.2402419618554
E08000020,Gateshead,,E92000001E08000020,Gateshead,NewcastleUponTyne,6.86316416826253
E41000052,"Cornwall,Isles of Scilly",,E92000001E41000052,"Cornwall,Isles of Scilly",Portreath,16.0272239188866
W06000015,Cardiff,Caerdydd,W92000004W06000015,Cardiff,Turley,2.13407524820763
E07000026,Allerdale,,E92000001E07000026,Allerdale,Allonby,12.2767993926294
E08000024,Sunderland,,E92000001E08000024,Sunderland,Sunderland,7.30728443111412
E07000050,North Dorset,,E92000001E07000050,North Dorset,Wareham,28.3320529031992
E07000218,North Warwickshire,,E92000001E07000218,North Warwickshire,StratfordUponAvon,41.5663279646351
E07000099,North Hertfordshire,,E92000001E07000099,North Hertfordshire,Barking,49.9289081550793
E07000103,Watford,,E92000001E07000103,Watford,Burnham,24.5019793337715
E08000017,Doncaster,,E92000001E08000017,Doncaster,Stockwith,21.6538381346772
S12000045,East Dunbartonshire,,S92000003S12000045,East Dunbartonshire,WestMarshes,129.174569295963
E07000120,Hyndburn,,E92000001E07000120,Hyndburn,Preston,22.0831308001014
E06000054,Wiltshire,,E92000001E06000054,Wiltshire,Bristol_CityDocks,49.6811877040867
E07000234,Bromsgrove,,E92000001E07000234,Bromsgrove,Astly,19.3024034105643
E07000101,Stevenage,,E92000001E07000101,Stevenage,London,44.0644113076878
W06000006,Wrexham,Wrecsam,W92000004W06000006,Wrexham,Chester,21.6497397046888
E07000072,Epping Forest,,E92000001E07000072,Epping Forest,Barking,20.9239149798468
S12000040,West Lothian,,S92000003S12000040,West Lothian,EastMarshes,99.2145863586217
E09000011,Greenwich,,E92000001E09000011,Greenwich,Woolwich,2.98338863596209
E07000048,Christchurch,,E92000001E07000048,Christchurch,Christchurch,3.79165912344453
E07000220,Rugby,,E92000001E07000220,Rugby,StratfordUponAvon,34.6657288351453
E07000141,South Kesteven,,E92000001E07000141,South Kesteven,MarketDeeping,23.2770130116007
E07000216,Waverley,,E92000001E07000216,Waverley,Hampton,33.4571948793788
W06000023,Powys,Powys,W92000004W06000023,Powys,Welshpool,42.4561429803108
S12000019,Midlothian,,S92000003S12000019,Midlothian,EastMarshes,67.5016855845546
E08000022,North Tyneside,,E92000001E08000022,North Tyneside,NorthShields,5.54669186442124
E07000221,Stratford-on-Avon,,E92000001E07000221,Stratford-on-Avon,StratfordUponAvon,7.99464316960181
E06000030,Swindon,,E92000001E06000030,Swindon,Gloucester,47.1366002236083
E06000055,Bedford,,E92000001E06000055,Bedford,MarketDeeping,54.9254006511142
E08000018,Rotherham,,E92000001E08000018,Rotherham,Stockwith,31.1823529589824
S12000015,Fife,,S92000003S12000015,Fife,EastMarshes,84.0458538011245
E06000001,Hartlepool,,E92000001E06000001,Hartlepool,Hartlepool,4.68154144082403
E07000132,Hinckley and Bosworth,,E92000001E07000132,Hinckley and Bosworth,StratfordUponAvon,51.2597591971992
E07000121,Lancaster,,E92000001E07000121,Lancaster,Lancaster,6.54096016369777
E06000024,North Somerset,,E92000001E06000024,North Somerset,Seymour,0.753905026488585
E07000190,Taunton Deane,,E92000001E07000190,Taunton Deane,Combwich,19.9830262376651
E07000189,South Somerset,,E92000001E07000189,South Somerset,Bridgwater,28.0591209057228
E07000075,Rochford,,E92000001E07000075,Rochford,BurnhamOnCrouch,4.15655216152116
E06000045,Southampton,,E92000001E06000045,Southampton,Itchen,1.56275077747514
W06000010,Carmarthenshire,Sir Gaerfyrddin,W92000004W06000010,Carmarthenshire,Carmarthen,9.50781416637776
E07000052,West Dorset,,E92000001E07000052,West Dorset,Bridport,14.1982822978368
E09000006,Bromley,,E92000001E09000006,Bromley,Greenwich,13.3091503904893
95XX,North Down,,N9200000295XX,North Down,Peel,80.9346554201225
E06000020,Telford and Wrekin,,E92000001E06000020,Telford and Wrekin,Buildwas,9.77923285999995
E07000196,South Staffordshire,,E92000001E07000196,South Staffordshire,Bridgnorth,19.4912956739084
E07000115,Tonbridge and Malling,,E92000001E07000115,Tonbridge and Malling,Aylsford,8.80853215029057
95MM,Derry,,N9200000295MM,Derry,Peel,180.754649007833
E07000033,Bolsover,,E92000001E07000033,Bolsover,Gainsborough,40.3654576390761
E07000222,Warwick,,E92000001E07000222,Warwick,StratfordUponAvon,14.4278849921612
E07000035,Derbyshire Dales,,E92000001E07000035,Derbyshire Dales,Sankey,66.8035830575085
S12000030,Stirling,,S92000003S12000030,Stirling,EastMarshes,151.470883185172
E07000198,Staffordshire Moorlands,,E92000001E07000198,Staffordshire Moorlands,Sankey,53.9749809747411
E08000008,Tameside,,E92000001E08000008,Tameside,Sankey,38.2843657303268
E07000041,Exeter,,E92000001E07000041,Exeter,Exeter,1.17184318526899
95QQ,Larne,,N9200000295QQ,Larne,Peel,108.11249374014
E07000047,West Devon,,E92000001E07000047,West Devon,Calstock,22.5288215592716
W06000012,Neath Port Talbot,Castell-nedd Port Talbot,W92000004W06000012,Neath Port Talbot,Neath_BritonFerry,4.3572814335118
E06000056,Central Bedfordshire,,E92000001E06000056,Central Bedfordshire,Burnham,53.9305968389027
E07000197,Stafford,,E92000001E07000197,Stafford,Madeley,31.5809501303517
S12000018,Inverclyde,,S92000003S12000018,Inverclyde,WestMarshes,142.913969108519
E08000030,Walsall,,E92000001E08000030,Walsall,Bridgnorth,31.0240864568776
E07000208,Epsom and Ewell,,E92000001E07000208,Epsom and Ewell,Hampton,11.4532061010295
E06000047,County Durham,,E92000001E06000047,County Durham,Pelaw,34.176224736551
95ZZ,Strabane,,N9200000295ZZ,Strabane,Peel,186.644258063905
W06000005,Flintshire,Sir y Fflint,W92000004W06000005,Flintshire,Flint,4.64008394774748
E06000051,Shropshire,,E92000001E06000051,Shropshire,Shrewsbury,6.0967688296625
W06000003,Conwy,Conwy,W92000004W06000003,Conwy,Deganwy,16.948820694405
E07000201,Forest Heath,,E92000001E07000201,Forest Heath,Wisbech,45.6075089398486
E07000153,Kettering,,E92000001E07000153,Kettering,MarketDeeping,40.0381024063171
E07000125,Rossendale,,E92000001E07000125,Rossendale,Preston,30.5943985263166
E09000016,Havering,,E92000001E09000016,Havering,Erith,9.10164202737339
E09000017,Hillingdon,,E92000001E09000017,Hillingdon,Hampton,15.2998322345489
E07000070,Chelmsford,,E92000001E07000070,Chelmsford,Maldon,13.3180868860743
E06000048,Northumberland,,E92000001E06000048,Northumberland,Warkworth,30.0864328531441
E41000324,"City of London,Westminster",,E92000001E41000324,"City of London,Westminster",London,1.5162934032392
E07000168,Scarborough,,E92000001E07000168,Scarborough,RobinHoodBay,11.1965618749759
E07000112,Shepway,,E92000001E07000112,Shepway,Hythe,5.69089460327724
E07000174,Mansfield,,E92000001E07000174,Mansfield,Gainsborough,37.1609909883284
E07000095,Broxbourne,,E92000001E07000095,Broxbourne,Barking,23.650741570292
E07000203,Mid Suffolk,,E92000001E07000203,Mid Suffolk,Ipswich,20.9468784320071
E07000142,West Lindsey,,E92000001E07000142,West Lindsey,Lincoln,19.5394369857479
W06000011,Swansea,Abertawe,W92000004W06000011,Swansea,Loughor,1.42164786547609
E06000038,Reading,,E92000001E06000038,Reading,Earley,4.55534575394846
E06000008,Blackburn with Darwen,,E92000001E06000008,Blackburn with Darwen,Preston,18.4342346345795
S12000023,Orkney Islands,,S92000003S12000023,Orkney Islands,EastMarshes,368.903969525676
S12000034,Aberdeenshire,,S92000003S12000034,Aberdeenshire,EastMarshes,164.646876828874
E07000066,Basildon,,E92000001E07000066,Basildon,Benfleet,8.86549032996854
E07000205,Suffolk Coastal,,E92000001E07000205,Suffolk Coastal,Woodbridge,8.78954705712372
E07000217,Woking,,E92000001E07000217,Woking,Hampton,17.042369474301
E07000128,Wyre,,E92000001E07000128,Wyre,Wynewater,7.48121602472471
E06000023,"Bristol, City of",,E92000001E06000023,"Bristol, City of",Kingston,6.02815450913572
E06000025,South Gloucestershire,,E92000001E06000025,South Gloucestershire,Oldbury,11.6376101858326
E07000084,Basingstoke and Deane,,E92000001E07000084,Basingstoke and Deane,Earley,30.6133414675664
E07000131,Harborough,,E92000001E07000131,Harborough,MarketDeeping,49.3026196201001
S12000010,East Lothian,,S92000003S12000010,East Lothian,EastMarshes,46.3322843287187
E07000012,South Cambridgeshire,,E92000001E07000012,South Cambridgeshire,Wisbech,55.3397846494115
E07000063,Lewes,,E92000001E07000063,Lewes,Lewes,0.646870674603833
E08000031,Wolverhampton,,E92000001E08000031,Wolverhampton,Bridgnorth,20.6712244686138
E09000004,Bexley,,E92000001E09000004,Bexley,Erith,3.12585563038472
E07000117,Burnley,,E92000001E07000117,Burnley,Preston,32.8423694089092
E06000036,Bracknell Forest,,E92000001E06000036,Bracknell Forest,Hitcham,15.3504117894717
E06000009,Blackpool,,E92000001E06000009,Blackpool,Poulton,5.27070835929716
E07000088,Gosport,,E92000001E07000088,Gosport,GosportMarina,3.37745232906212
95EE,Ballymoney,,N9200000295EE,Ballymoney,Peel,141.926088924473
W06000024,Merthyr Tydfil,Merthyr Tudful,W92000004W06000024,Merthyr Tydfil,Newport_SouthWales,30.953916190267
E07000109,Gravesham,,E92000001E07000109,Gravesham,Gravesend,6.23181371692939
E07000104,Welwyn Hatfield,,E92000001E07000104,Welwyn Hatfield,London,29.8840082434115
E08000007,Stockport,,E92000001E08000007,Stockport,Sankey,33.1838656726062
95NN,Down,,N9200000295NN,Down,Peel,73.0427454251061
E07000089,Hart,,E92000001E07000089,Hart,Earley,21.6649951985348
95TT,Magherafelt,,N9200000295TT,Magherafelt,Peel,146.555667799869
E06000003,Redcar and Cleveland,,E92000001E06000003,Redcar and Cleveland,PortMulgrave,14.920455061994
95RR,Limavady,,N9200000295RR,Limavady,Peel,170.261393487829
E08000009,Trafford,,E92000001E08000009,Trafford,Sankey,17.3438753388985
E07000106,Canterbury,,E92000001E07000106,Canterbury,Whitstable,10.2121161734458
E07000143,Breckland,,E92000001E07000143,Breckland,Norwich,33.236611618001
W06000002,Gwynedd,Gwynedd,W92000004W06000002,Gwynedd,Porthmadog,2.02266076478224
E07000156,Wellingborough,,E92000001E07000156,Wellingborough,MarketDeeping,51.7593226706625
E07000029,Copeland,,E92000001E07000029,Copeland,Ravenglass,4.62248057920951
E09000020,Kensington and Chelsea,,E92000001E09000020,Kensington and Chelsea,London,4.56639509063362
E08000002,Bury,,E92000001E08000002,Bury,Sankey,31.1362134282865
95KK,Cookstown,,N9200000295KK,Cookstown,Peel,138.205729800698
95CC,Armagh,,N9200000295CC,Armagh,PortErin,123.852629547853
E07000227,Horsham,,E92000001E07000227,Horsham,Arundel,20.3815337788906
E09000009,Ealing,,E92000001E09000009,Ealing,Hampton,12.9822322186376
E07000210,Mole Valley,,E92000001E07000210,Mole Valley,Hampton,21.8638636480043
E07000065,Wealden,,E92000001E07000065,Wealden,Lewes,15.3323752971892
E06000011,East Riding of Yorkshire,,E92000001E06000011,East Riding of Yorkshire,Hull,19.0814017965858
E07000191,West Somerset,,E92000001E07000191,West Somerset,Watchet,10.5341197687604
E07000042,Mid Devon,,E92000001E07000042,Mid Devon,Exeter,17.0600716688163
E06000033,Southend-on-Sea,,E92000001E06000033,Southend-on-Sea,Southend,1.77602586581992
E07000037,High Peak,,E92000001E07000037,High Peak,Sankey,51.5195046033064
E08000005,Rochdale,,E92000001E08000005,Rochdale,Sankey,39.8695697307612
W06000001,Isle of Anglesey,Ynys Môn,W92000004W06000001,Isle of Anglesey,TraethBychan,10.7462918055788
E07000034,Chesterfield,,E92000001E07000034,Chesterfield,Stockwith,43.3997015982723
S12000039,West Dunbartonshire,,S92000003S12000039,West Dunbartonshire,WestMarshes,141.092933815958
E07000090,Havant,,E92000001E07000090,Havant,Bedhampton,1.51527154531762
E07000137,East Lindsey,,E92000001E07000137,East Lindsey,MableThorpe,18.0880900399535
E09000027,Richmond upon Thames,,E92000001E09000027,Richmond upon Thames,Hampton,5.73748784749907
E07000151,Daventry,,E92000001E07000151,Daventry,StratfordUponAvon,47.5844781739091
E07000229,Worthing,,E92000001E07000229,Worthing,Shoreham,9.49507919418498
E07000093,Test Valley,,E92000001E07000093,Test Valley,Redbridge,23.7405242369147
95UU,Moyle,,N9200000295UU,Moyle,Peel,143.416355023237
E07000195,Newcastle-under-Lyme,,E92000001E07000195,Newcastle-under-Lyme,Buildwas,42.1612352216173
E09000002,Barking and Dagenham,,E92000001E09000002,Barking and Dagenham,Barking,4.53077156359537
E09000010,Enfield,,E92000001E09000010,Enfield,Blackfriars,15.6409411596548
E08000010,Wigan,,E92000001E08000010,Wigan,Sankey,16.7553590354301
E08000026,Coventry,,E92000001E08000026,Coventry,StratfordUponAvon,27.8517479849512
E06000046,Isle of Wight,,E92000001E06000046,Isle of Wight,Newport_IsleOfWight,4.55151098173395
S12000026,Scottish Borders,,S92000003S12000026,Scottish Borders,BerwickUponTweed,55.6773080842106
E07000213,Spelthorne,,E92000001E07000213,Spelthorne,Hampton,6.26103301546213
E07000087,Fareham,,E92000001E07000087,Fareham,Fareham,2.48166452085932
E07000079,Cotswold,,E92000001E07000079,Cotswold,Gloucester,19.493064798291
E07000130,Charnwood,,E92000001E07000130,Charnwood,MarketDeeping,56.1789048965194
E07000113,Swale,,E92000001E07000113,Swale,Milton,4.38301148284333
95SS,Lisburn,,N9200000295SS,Lisburn,Peel,94.9524887360216
E06000040,Windsor and Maidenhead,,E92000001E06000040,Windsor and Maidenhead,Hitcham,6.25956208455669
E07000038,North East Derbyshire,,E92000001E07000038,North East Derbyshire,Stockwith,48.0678214784758
E08000028,Sandwell,,E92000001E08000028,Sandwell,Arley,25.4131150392432
E06000029,Poole,,E92000001E06000029,Poole,Poole,3.39226206375163
E07000145,Great Yarmouth,,E92000001E07000145,Great Yarmouth,Yarmouth_Great,7.22905167755908
E07000129,Blaby,,E92000001E07000129,Blaby,StratfordUponAvon,55.1567630811832
E07000124,Ribble Valley,,E92000001E07000124,Ribble Valley,Preston,25.8490661456246
95AA,Antrim,,N9200000295AA,Antrim,Peel,112.664561037455
E06000032,Luton,,E92000001E06000032,Luton,Burnham,42.8324273201456
E07000175,Newark and Sherwood,,E92000001E07000175,Newark and Sherwood,Lincoln,28.5283341551535
E07000064,Rother,,E92000001E07000064,Rother,Winchelsea,10.0586564114244
E08000021,Newcastle upon Tyne,,E92000001E08000021,Newcastle upon Tyne,NewcastleUponTyne,6.3383313478966
E07000237,Worcester,,E92000001E07000237,Worcester,Worcester,1.31875740353819
E07000179,South Oxfordshire,,E92000001E07000179,South Oxfordshire,Earley,21.3934576312494
95II,Castlereagh,,N9200000295II,Castlereagh,Peel,83.1619402495427
E07000149,South Norfolk,,E92000001E07000149,South Norfolk,Norwich,12.9230971096444
E07000187,Mendip,,E92000001E07000187,Mendip,Bristol_CityDocks,28.6175963100713
S12000035,Argyll & Bute,,S92000003S12000035,Argyll & Bute,Silloth,197.153171244263
E07000077,Uttlesford,,E92000001E07000077,Uttlesford,Maldon,34.8138752238656
95GG,Belfast,,N9200000295GG,Belfast,Peel,89.7878513095105
S12000028,South Ayrshire,,S92000003S12000028,South Ayrshire,Silloth,99.4289842399261
E07000011,Huntingdonshire,,E92000001E07000011,Huntingdonshire,MarketDeeping,34.4939812205703
E07000083,Tewkesbury,,E92000001E07000083,Tewkesbury,Tewkesbury,8.80157645150772
E07000127,West Lancashire,,E92000001E07000127,West Lancashire,HeskethBank,10.4857264544449
E06000005,Darlington,,E92000001E06000005,Darlington,StocktonOnTees,16.2879989525675
E07000008,Cambridge,,E92000001E07000008,Cambridge,Wisbech,53.1429507283741
E07000078,Cheltenham,,E92000001E07000078,Cheltenham,Tewkesbury,12.2149356374006
E07000036,Erewash,,E92000001E07000036,Erewash,Lincoln,63.3176361344862
E06000037,West Berkshire,,E92000001E06000037,West Berkshire,Earley,24.7163037758475
E07000045,Teignbridge,,E92000001E07000045,Teignbridge,Teignmouth,13.484949894508
E06000044,Portsmouth,,E92000001E06000044,Portsmouth,Portsmouth,1.63602563346888
E09000021,Kingston upon Thames,,E92000001E09000021,Kingston upon Thames,Hampton,7.11125377101135
E08000003,Manchester,,E92000001E08000003,Manchester,Sankey,26.5169157231496
E08000011,Knowsley,,E92000001E08000011,Knowsley,Garston,9.77342004140338
E08000023,South Tyneside,,E92000001E08000023,South Tyneside,SouthShields,1.9152350233773
95OO,Dungannon,,N9200000295OO,Dungannon,PortErin,147.997045767535
E07000068,Brentwood,,E92000001E07000068,Brentwood,Grays,18.7879900783483
S12000027,Shetland Islands,,S92000003S12000027,Shetland Islands,EastMarshes,489.10665322591
E07000080,Forest of Dean,,E92000001E07000080,Forest of Dean,BulloPill,3.06666692392996
W06000008,Ceredigion,Ceredigion,W92000004W06000008,Ceredigion,Llansainford,0.964550498873025
E07000224,Arun,,E92000001E07000224,Arun,Littlehampton,2.76210096089737
E07000225,Chichester,,E92000001E07000225,Chichester,Arundel,13.113581059967
E07000111,Sevenoaks,,E92000001E07000111,Sevenoaks,Aylsford,20.4711251118476
E07000193,East Staffordshire,,E92000001E07000193,East Staffordshire,Madeley,52.5740455030563
E06000021,Stoke-on-Trent,,E92000001E06000021,Stoke-on-Trent,Frodsham,48.185017738534
E07000004,Aylesbury Vale,,E92000001E07000004,Aylesbury Vale,Burnham,40.8846224780508
E09000032,Wandsworth,,E92000001E09000032,Wandsworth,London,7.76185908363594
E07000140,South Holland,,E92000001E07000140,South Holland,Fosdyke,6.91591558582775
E07000031,South Lakeland,,E92000001E07000031,South Lakeland,Milnthorpe,5.10585126028729
W06000020,Torfaen,Tor-faen,W92000004W06000020,Torfaen,Caerleon,12.3812577315748
E07000114,Thanet,,E92000001E07000114,Thanet,SaintNicholasBay,4.81257175437828
E07000134,North West Leicestershire,,E92000001E07000134,North West Leicestershire,StratfordUponAvon,67.3049977744575
95LL,Craigavon,,N9200000295LL,Craigavon,Peel,114.115431125968
E08000001,Bolton,,E92000001E08000001,Bolton,Sankey,24.5395635954271
E07000200,Babergh,,E92000001E07000200,Babergh,Ipswich,13.299235431367
E09000003,Barnet,,E92000001E09000003,Barnet,London,13.4341910061664
E07000194,Lichfield,,E92000001E07000194,Lichfield,Madeley,46.935344928629
E07000118,Chorley,,E92000001E07000118,Chorley,Preston,10.2974190648573
S12000005,Clackmannanshire,,S92000003S12000005,Clackmannanshire,EastMarshes,112.461790252588
E07000102,Three Rivers,,E92000001E07000102,Three Rivers,Burnham,22.0309059311932
95PP,Fermanagh,,N9200000295PP,Fermanagh,PortErin,190.847581808781
95WW,Newtownabbey,,N9200000295WW,Newtownabbey,Peel,100.074306898059
S12000044,North Lanarkshire,,S92000003S12000044,North Lanarkshire,WestMarshes,113.813466133427
E07000150,Corby,,E92000001E07000150,Corby,MarketDeeping,32.1084418246559
E09000026,Redbridge,,E92000001E09000026,Redbridge,Barking,5.85900648439129
E06000015,Derby,,E92000001E06000015,Derby,Lincoln,71.0929786290669
E07000040,East Devon,,E92000001E07000040,East Devon,Sidmouth,8.92314728102503
E07000170,Ashfield,,E92000001E07000170,Ashfield,Gainsborough,47.6698744472056
E07000096,Dacorum,,E92000001E07000096,Dacorum,Burnham,26.3341538693665
E07000165,Harrogate,,E92000001E07000165,Harrogate,Tadcaster,30.4133534123696
E07000107,Dartford,,E92000001E07000107,Dartford,Grays,5.96408434413204
E07000122,Pendle,,E92000001E07000122,Pendle,Preston,37.7029211359451
E09000022,Lambeth,,E92000001E09000022,Lambeth,London,5.27950178674499
E07000207,Elmbridge,,E92000001E07000207,Elmbridge,Hampton,6.54178981390368
E07000032,Amber Valley,,E92000001E07000032,Amber Valley,Gainsborough,61.9824969482538
E06000007,Warrington,,E92000001E06000007,Warrington,Sankey,4.48262648761468
E07000092,Rushmoor,,E92000001E07000092,Rushmoor,Earley,24.2297024974998
E07000223,Adur,,E92000001E07000223,Adur,Shoreham,3.23598740279391
95BB,Ards,,N9200000295BB,Ards,Peel,68.5725501473267
E07000176,Rushcliffe,,E92000001E07000176,Rushcliffe,Lincoln,48.5826949910525
E07000144,Broadland,,E92000001E07000144,Broadland,Norwich,7.38369000062524
E07000236,Redditch,,E92000001E07000236,Redditch,StratfordUponAvon,19.3135205344563
E09000012,Hackney,,E92000001E09000012,Hackney,Blackfriars,5.3586647102219
E08000027,Dudley,,E92000001E08000027,Dudley,Arley,18.564062566072
E07000238,Wychavon,,E92000001E07000238,Wychavon,Pershore,8.73096975806427
E07000053,Weymouth and Portland,,E92000001E07000053,Weymouth and Portland,Weymouth,1.65586891670831
E09000014,Haringey,,E92000001E09000014,Haringey,Blackfriars,8.8024164173238
S12000033,Aberdeen City,,S92000003S12000033,Aberdeen City,EastMarshes,150.678913284823
S12000042,Dundee City,,S92000003S12000042,Dundee City,EastMarshes,94.3907811952989
E07000073,Harlow,,E92000001E07000073,Harlow,Barking,26.0338136458557
E06000050,Cheshire West and Chester,,E92000001E06000050,Cheshire West and Chester,Hoole,9.84344228468439
W06000018,Caerphilly,Caerffili,W92000004W06000018,Caerphilly,Newport_SouthWales,17.2451057222245
E06000019,"Herefordshire, County of",,E92000001E06000019,"Herefordshire, County of",Hanley,35.263839070361
E09000031,Waltham Forest,,E92000001E09000031,Waltham Forest,Barking,9.65361858418038
E07000085,East Hampshire,,E92000001E07000085,East Hampshire,Bedhampton,21.4149617196527
E09000007,Camden,,E92000001E09000007,Camden,London,4.65742984288559
E07000152,East Northamptonshire,,E92000001E07000152,East Northamptonshire,MarketDeeping,28.4176223831002
E07000212,Runnymede,,E92000001E07000212,Runnymede,Hampton,11.5288415976565
W06000004,Denbighshire,Sir Ddinbych,W92000004W06000004,Denbighshire,Bagillt,21.5905462189861
E09000030,Tower Hamlets,,E92000001E09000030,Tower Hamlets,Lee,3.11643289492338
E07000071,Colchester,,E92000001E07000071,Colchester,Colchester,5.57943225300508
E06000010,"Kingston upon Hull, City of",,E92000001E06000010,"Kingston upon Hull, City of",Hull,3.5040516083754
E07000098,Hertsmere,,E92000001E07000098,Hertsmere,London,21.9058032347267
E08000032,Bradford,,E92000001E08000032,Bradford,Tadcaster,39.0891599782264
E09000018,Hounslow,,E92000001E09000018,Hounslow,Hampton,5.87475282847776
95YY,Omagh,,N9200000295YY,Omagh,Peel,173.879574906578
E09000005,Brent,,E92000001E09000005,Brent,London,11.5307595810163
E07000180,Vale of White Horse,,E92000001E07000180,Vale of White Horse,Earley,41.6028988838116
E08000006,Salford,,E92000001E08000006,Salford,Sankey,20.025515994754
S12000020,Moray,,S92000003S12000020,Moray,EastMarshes,191.82054076369
E07000110,Maidstone,,E92000001E07000110,Maidstone,Maidstone,6.26773748795031
E07000204,St Edmundsbury,,E92000001E07000204,St Edmundsbury,Ipswich,38.1664107300296
E09000015,Harrow,,E92000001E09000015,Harrow,London,17.750191289341
E07000074,Maldon,,E92000001E07000074,Maldon,Tolesbury,5.93275422763529
E07000211,Reigate and Banstead,,E92000001E07000211,Reigate and Banstead,Hampton,21.5377113322405
E08000033,Calderdale,,E92000001E08000033,Calderdale,Tadcaster,48.9729781450549
E07000027,Barrow-in-Furness,,E92000001E07000027,Barrow-in-Furness,BarrowInFurness,2.06713000164798
E07000164,Hambleton,,E92000001E07000164,Hambleton,StocktonOnTees,34.5304851635694
E07000146,King's Lynn and West Norfolk,,E92000001E07000146,King's Lynn and West Norfolk,KingsLynn,7.89452822866956
E07000136,Boston,,E92000001E07000136,Boston,Boston,1.43751656127291
E07000094,Winchester,,E92000001E07000094,Winchester,Botley,13.0227917546388
E09000013,Hammersmith and Fulham,,E92000001E09000013,Hammersmith and Fulham,London,6.47439018776612
E06000012,North East Lincolnshire,,E92000001E06000012,North East Lincolnshire,Grimsby,5.95558844557136
S12000011,East Renfrewshire,,S92000003S12000011,East Renfrewshire,WestMarshes,114.816900986354
E08000004,Oldham,,E92000001E08000004,Oldham,Sankey,42.7538267305937
E06000041,Wokingham,,E92000001E06000041,Wokingham,Earley,2.52080708949799
E08000036,Wakefield,,E92000001E08000036,Wakefield,Tadcaster,26.9926711110191
W06000021,Monmouthshire,Sir Fynwy,W92000004W06000021,Monmouthshire,Tintern,15.9671869690806
E08000029,Solihull,,E92000001E08000029,Solihull,StratfordUponAvon,26.7744488449099
E07000043,North Devon,,E92000001E07000043,North Devon,Barnstaple,10.0103828376376
E08000014,Sefton,,E92000001E08000014,Sefton,Liverpool,18.7839748792649
E06000049,Cheshire East,,E92000001E06000049,Cheshire East,Frodsham,27.2098014238931
E07000171,Bassetlaw,,E92000001E07000171,Bassetlaw,Gainsborough,14.4830654193968
E07000239,Wyre Forest,,E92000001E07000239,Wyre Forest,Bewdley,2.68606114207793
E08000013,St. Helens,,E92000001E08000013,St. Helens,Sankey,10.4085153452187
E07000116,Tunbridge Wells,,E92000001E07000116,Tunbridge Wells,Maidstone,20.4607983076359
S12000014,Falkirk,,S92000003S12000014,Falkirk,EastMarshes,110.670044848519
E06000026,Plymouth,,E92000001E06000026,Plymouth,Plymouth_SuttonHarbour,2.65944868040467
E06000031,Peterborough,,E92000001E06000031,Peterborough,MarketDeeping,10.0922131534506
E07000181,West Oxfordshire,,E92000001E07000181,West Oxfordshire,Evesham,41.3115163962615
E08000035,Leeds,,E92000001E08000035,Leeds,Tadcaster,19.9436837417194
S12000036,"Edinburgh, City of",,S92000003S12000036,"Edinburgh, City of",EastMarshes,77.993686688436
S12000029,South Lanarkshire,,S92000003S12000029,South Lanarkshire,WestMarshes,78.8918994063114
E07000051,Purbeck,,E92000001E07000051,Purbeck,Wareham,3.65709303962305
E07000005,Chiltern,,E92000001E07000005,Chiltern,Burnham,15.652659579535
E09000008,Croydon,,E92000001E09000008,Croydon,Greenwich,15.3608251145353
W06000014,The Vale of Glamorgan,Bro Morgannwg,W92000004W06000014,The Vale of Glamorgan,Aberthaw,7.13334157480767
E07000039,South Derbyshire,,E92000001E07000039,South Derbyshire,Madeley,66.1968943579932
E07000155,South Northamptonshire,,E92000001E07000155,South Northamptonshire,StratfordUponAvon,47.5131594323978
E06000042,Milton Keynes,,E92000001E06000042,Milton Keynes,Burnham,60.1603499708003
E06000002,Middlesbrough,,E92000001E06000002,Middlesbrough,Middlesbrough,4.01865778454595
S12000008,East Ayrshire,,S92000003S12000008,East Ayrshire,Silloth,86.5789000286606
95VV,Newry and Mourne,,N9200000295VV,Newry and Mourne,PortErin,98.6877276012236
S12000041,Angus,,S92000003S12000041,Angus,EastMarshes,115.849465222821
E07000006,South Bucks,,E92000001E07000006,South Bucks,Burnham,7.48165240423086
E07000044,South Hams,,E92000001E07000044,South Hams,Kingsbridge,11.2637226848277
E07000007,Wycombe,,E92000001E07000007,Wycombe,Burnham,15.5167970562941
E07000069,Castle Point,,E92000001E07000069,Castle Point,Benfleet,2.48565526834662
E07000228,Mid Sussex,,E92000001E07000228,Mid Sussex,Lewes,16.8145467485711
E07000009,East Cambridgeshire,,E92000001E07000009,East Cambridgeshire,Wisbech,38.5552057767096
E07000206,Waveney,,E92000001E07000206,Waveney,Beccles,3.45995704537107
E06000043,Brighton and Hove,,E92000001E06000043,Brighton and Hove,Brighton,2.88033623012507
E07000163,Craven,,E92000001E07000163,Craven,Lancaster,40.758740114559
S12000021,North Ayrshire,,S92000003S12000021,North Ayrshire,Silloth,132.161981861103
E08000016,Barnsley,,E92000001E08000016,Barnsley,Selby,43.1953154819931
E07000100,St Albans,,E92000001E07000100,St Albans,London,32.6987980775783
E07000178,Oxford,,E92000001E07000178,Oxford,Earley,38.3226234354914
E07000076,Tendring,,E92000001E07000076,Tendring,SaintOsyth,7.82938845572466
E07000215,Tandridge,,E92000001E07000215,Tandridge,Greenwich,27.5635334126192
E07000135,Oadby and Wigston,,E92000001E07000135,Oadby and Wigston,MarketDeeping,53.4728513003564
E07000067,Braintree,,E92000001E07000067,Braintree,Maldon,22.2293219490805
E08000012,Liverpool,,E92000001E08000012,Liverpool,Liverpool,4.83808681278967
E07000091,New Forest,,E92000001E07000091,New Forest,Redbridge,12.9719010963761
E08000019,Sheffield,,E92000001E08000019,Sheffield,Stockwith,49.5129446570334
E08000015,Wirral,,E92000001E08000015,Wirral,Dawpool,5.65743453983973
E06000028,Bournemouth,,E92000001E06000028,Bournemouth,Christchurch,4.79281288223593
E07000028,Carlisle,,E92000001E07000028,Carlisle,Carlisle,11.9315415609201
E07000235,Malvern Hills,,E92000001E07000235,Malvern Hills,Worcester,12.4187977981556
E07000123,Preston,,E92000001E07000123,Preston,Preston,7.13414206789722
E07000139,North Kesteven,,E92000001E07000139,North Kesteven,Lincoln,18.1559992678371
S12000017,Highland,,S92000003S12000017,Highland,EastMarshes,265.658306922101
W06000009,Pembrokeshire,Sir Benfro,W92000004W06000009,Pembrokeshire,Nolton,3.81236369575231
E07000167,Ryedale,,E92000001E07000167,Ryedale,Scarborough,31.0978686263342
E06000022,Bath and North East Somerset,,E92000001E06000022,Bath and North East Somerset,Bristol_CityDocks,13.1940165138401
E07000192,Cannock Chase,,E92000001E07000192,Cannock Chase,Madeley,33.4902921261065
E07000061,Eastbourne,,E92000001E07000061,Eastbourne,Eastbourne,1.46468887997242
E07000172,Broxtowe,,E92000001E07000172,Broxtowe,Lincoln,55.5827147436165
E07000202,Ipswich,,E92000001E07000202,Ipswich,Ipswich,1.04245216304826
E07000154,Northampton,,E92000001E07000154,Northampton,StratfordUponAvon,56.44856799924
E07000214,Surrey Heath,,E92000001E07000214,Surrey Heath,Hampton,21.6883249721743
E07000086,Eastleigh,,E92000001E07000086,Eastleigh,Itchen,3.99030471758276
E07000147,North Norfolk,,E92000001E07000147,North Norfolk,Cromer,12.75463092714
E08000025,Birmingham,,E92000001E08000025,Birmingham,Bewdley,32.29665658135
E07000049,East Dorset,,E92000001E07000049,East Dorset,Poole,17.2653446914858
E07000046,Torridge,,E92000001E07000046,Torridge,Bideford,11.2132221256128
E06000004,Stockton-on-Tees,,E92000001E06000004,Stockton-on-Tees,StocktonOnTees,0.863184768597579
S12000024,Perth & Kinross,,S92000003S12000024,Perth & Kinross,EastMarshes,140.630846441133
E07000169,Selby,,E92000001E07000169,Selby,Selby,4.54618764403179
