geo_code,geo_label,geo_labelw,label,name,HubName,HubDist
W06000016,Rhondda Cynon Taf,Rhondda Cynon Taf,W92000004W06000016,Rhondda Cynon Taf,"1279",4.26957822183744
S12000013,Eilean Siar,,S92000003S12000013,Eilean Siar,"1449",266.680694326243
W06000013,Bridgend,Pen-y-bont ar Ogwr,W92000004W06000013,Bridgend,"1304",6.38839272684149
E07000138,Lincoln,,E92000001E07000138,Lincoln,"660",4.0626706839971
E07000166,Richmondshire,,E92000001E07000166,Richmondshire,"15",13.2404487616982
E07000105,Ashford,,E92000001E07000105,Ashford,"1190",4.86061473355172
95JJ,Coleraine,,N9200000295JJ,Coleraine,"1549",136.268937709764
W06000022,Newport,Casnewydd,W92000004W06000022,Newport,"1297",2.63655447538846
E08000034,Kirklees,,E92000001E08000034,Kirklees,"170",0.658468473351233
E07000126,South Ribble,,E92000001E07000126,South Ribble,"200",1.26571557518348
S12000006,Dumfries & Galloway,,S92000003S12000006,Dumfries & Galloway,"1357",25.3898469027015
E09000023,Lewisham,,E92000001E09000023,Lewisham,"1006",1.3788386056209
E06000018,Nottingham,,E92000001E06000018,Nottingham,"680",0.940662687666829
E09000028,Southwark,,E92000001E09000028,Southwark,"1002",2.48093013019391
E07000133,Melton,,E92000001E07000133,Melton,"846",6.09318154794826
E07000219,Nuneaton and Bedworth,,E92000001E07000219,Nuneaton and Bedworth,"896",2.49853588662102
95DD,Ballymena,,N9200000295DD,Ballymena,"1365",119.119861605064
E07000097,East Hertfordshire,,E92000001E07000097,East Hertfordshire,"713",6.7911402691516
E06000039,Slough,,E92000001E06000039,Slough,"1233",1.32266723894333
E07000199,Tamworth,,E92000001E07000199,Tamworth,"757",1.51142784573253
E07000173,Gedling,,E92000001E07000173,Gedling,"679",6.35607974019161
E07000082,Stroud,,E92000001E07000082,Stroud,"1068",1.24808839487992
E06000034,Thurrock,,E92000001E06000034,Thurrock,"1020",7.59085697969297
W06000019,Blaenau Gwent,Blaenau Gwent,W92000004W06000019,Blaenau Gwent,"1284",10.6740749483418
E09000025,Newham,,E92000001E09000025,Newham,"1629",2.18422870691285
S12000046,Glasgow City,,S92000003S12000046,Glasgow City,"1399",1.53376037159961
E06000027,Torbay,,E92000001E06000027,Torbay,"1160",10.212444943869
E09000024,Merton,,E92000001E09000024,Merton,"994",1.52933639966314
E07000030,Eden,,E92000001E07000030,Eden,"28",9.48991874476564
E06000017,Rutland,,E92000001E06000017,Rutland,"771",3.61382097556141
E07000209,Guildford,,E92000001E07000209,Guildford,"1248",4.46267224285213
E07000188,Sedgemoor,,E92000001E07000188,Sedgemoor,"1026",6.74562410684105
E06000035,Medway,,E92000001E06000035,Medway,"1036",5.19037663673124
E09000029,Sutton,,E92000001E09000029,Sutton,"1099",2.09833911494764
E07000148,Norwich,,E92000001E07000148,Norwich,"834",1.53975375522136
S12000038,Renfrewshire,,S92000003S12000038,Renfrewshire,"1329",3.44311324843795
E06000006,Halton,,E92000001E06000006,Halton,"252",4.84832111435638
E07000177,Cherwell,,E92000001E07000177,Cherwell,"966",1.51279358256611
E07000081,Gloucester,,E92000001E07000081,Gloucester,"639",6.28633853331898
E09000019,Islington,,E92000001E09000019,Islington,"1214",0.405823640800994
E07000119,Fylde,,E92000001E07000119,Fylde,"356",1.09091005119086
95FF,Banbridge,,N9200000295FF,Banbridge,"1313",152.236656817593
E07000226,Crawley,,E92000001E07000226,Crawley,"1029",1.52346454894437
E06000013,North Lincolnshire,,E92000001E06000013,North Lincolnshire,"468",7.38823616539979
E07000108,Dover,,E92000001E07000108,Dover,"1188",7.70975916228491
E06000014,York,,E92000001E06000014,York,"1619",1.49346123800949
95HH,Carrickfergus,,N9200000295HH,Carrickfergus,"1365",110.383678987452
E06000016,Leicester,,E92000001E06000016,Leicester,"768",0.826321872857721
E07000062,Hastings,,E92000001E07000062,Hastings,"1595",0.86647466890304
E07000010,Fenland,,E92000001E07000010,Fenland,"926",4.74834660650446
E08000020,Gateshead,,E92000001E08000020,Gateshead,"1557",2.98434375690601
E41000052,"Cornwall,Isles of Scilly",,E92000001E41000052,"Cornwall,Isles of Scilly","1167",20.0935920383435
W06000015,Cardiff,Caerdydd,W92000004W06000015,Cardiff,"1309",2.68410352812366
E07000026,Allerdale,,E92000001E07000026,Allerdale,"91",6.49578577978669
E08000024,Sunderland,,E92000001E08000024,Sunderland,"49",2.92743081084497
E07000050,North Dorset,,E92000001E07000050,North Dorset,"1157",24.7000578704732
E07000218,North Warwickshire,,E92000001E07000218,North Warwickshire,"939",3.68018152482332
E07000099,North Hertfordshire,,E92000001E07000099,North Hertfordshire,"970",4.3228556455008
E07000103,Watford,,E92000001E07000103,Watford,"1135",0.339872325934148
E08000017,Doncaster,,E92000001E08000017,Doncaster,"469",2.49873284492702
S12000045,East Dunbartonshire,,S92000003S12000045,East Dunbartonshire,"1454",1.80726300943956
E07000120,Hyndburn,,E92000001E07000120,Hyndburn,"210",1.19482850679373
E06000054,Wiltshire,,E92000001E06000054,Wiltshire,"1117",16.4283829672276
E07000234,Bromsgrove,,E92000001E07000234,Bromsgrove,"879",1.21209980774996
E07000101,Stevenage,,E92000001E07000101,Stevenage,"631",2.31301951186876
W06000006,Wrexham,Wrecsam,W92000004W06000006,Wrexham,"1310",1.61802383779266
E07000072,Epping Forest,,E92000001E07000072,Epping Forest,"715",8.90053297300419
S12000040,West Lothian,,S92000003S12000040,West Lothian,"1435",2.62922682678342
E09000011,Greenwich,,E92000001E09000011,Greenwich,"1010",2.27759395086839
E07000048,Christchurch,,E92000001E07000048,Christchurch,"1149",8.55586751934491
E07000220,Rugby,,E92000001E07000220,Rugby,"867",3.9033906071067
E07000141,South Kesteven,,E92000001E07000141,South Kesteven,"598",11.7970191302973
E07000216,Waverley,,E92000001E07000216,Waverley,"1249",4.09034288933245
W06000023,Powys,Powys,W92000004W06000023,Powys,"1593",64.9288802648571
S12000019,Midlothian,,S92000003S12000019,Midlothian,"1408",4.36840531351683
E08000022,North Tyneside,,E92000001E08000022,North Tyneside,"130",0.78120413191553
E07000221,Stratford-on-Avon,,E92000001E07000221,Stratford-on-Avon,"784",14.608424247952
E06000030,Swindon,,E92000001E06000030,Swindon,"1236",4.42589591755378
E06000055,Bedford,,E92000001E06000055,Bedford,"773",14.6809160525083
E08000018,Rotherham,,E92000001E08000018,Rotherham,"1571",5.34129638058803
S12000015,Fife,,S92000003S12000015,Fife,"1491",1.11453121799578
E06000001,Hartlepool,,E92000001E06000001,Hartlepool,"1555",4.31313618562648
E07000132,Hinckley and Bosworth,,E92000001E07000132,Hinckley and Bosworth,"761",6.86917533558074
E07000121,Lancaster,,E92000001E07000121,Lancaster,"564",0.244007858506016
E06000024,North Somerset,,E92000001E06000024,North Somerset,"1124",1.61083454046462
E07000190,Taunton Deane,,E92000001E07000190,Taunton Deane,"1050",3.98753800594806
E07000189,South Somerset,,E92000001E07000189,South Somerset,"1026",25.413954748556
E07000075,Rochford,,E92000001E07000075,Rochford,"1082",18.7871801080722
E06000045,Southampton,,E92000001E06000045,Southampton,"1054",1.17394748039029
W06000010,Carmarthenshire,Sir Gaerfyrddin,W92000004W06000010,Carmarthenshire,"1258",16.5915888463844
E07000052,West Dorset,,E92000001E07000052,West Dorset,"1156",15.5062979959669
E09000006,Bromley,,E92000001E09000006,Bromley,"1600",8.54839390296507
95XX,North Down,,N9200000295XX,North Down,"1365",114.684251050174
E06000020,Telford and Wrekin,,E92000001E06000020,Telford and Wrekin,"743",1.77647919833388
E07000196,South Staffordshire,,E92000001E07000196,South Staffordshire,"949",1.62947251716722
E07000115,Tonbridge and Malling,,E92000001E07000115,Tonbridge and Malling,"1175",4.92017972163947
95MM,Derry,,N9200000295MM,Derry,"1549",172.830251714427
E07000033,Bolsover,,E92000001E07000033,Bolsover,"648",7.94547599119953
E07000222,Warwick,,E92000001E07000222,Warwick,"784",2.89348899732908
E07000035,Derbyshire Dales,,E92000001E07000035,Derbyshire Dales,"644",8.273816147184
S12000030,Stirling,,S92000003S12000030,Stirling,"1486",23.3017326470421
E07000198,Staffordshire Moorlands,,E92000001E07000198,Staffordshire Moorlands,"702",2.39689273964057
E08000008,Tameside,,E92000001E08000008,Tameside,"439",0.620188560486702
E07000041,Exeter,,E92000001E07000041,Exeter,"1155",1.99059245654436
95QQ,Larne,,N9200000295QQ,Larne,"1365",101.794671946569
E07000047,West Devon,,E92000001E07000047,West Devon,"1164",28.7960615757761
W06000012,Neath Port Talbot,Castell-nedd Port Talbot,W92000004W06000012,Neath Port Talbot,"1287",4.35055973896726
E06000056,Central Bedfordshire,,E92000001E06000056,Central Bedfordshire,"953",9.85240030056013
E07000197,Stafford,,E92000001E07000197,Stafford,"617",2.51336212926849
S12000018,Inverclyde,,S92000003S12000018,Inverclyde,"1447",4.92916378016999
E08000030,Walsall,,E92000001E08000030,Walsall,"752",2.33207574438867
E07000208,Epsom and Ewell,,E92000001E07000208,Epsom and Ewell,"1101",0.166918744918703
E06000047,County Durham,,E92000001E06000047,County Durham,"81",3.55911593299672
95ZZ,Strabane,,N9200000295ZZ,Strabane,"1549",192.669613677736
W06000005,Flintshire,Sir y Fflint,W92000004W06000005,Flintshire,"1264",4.00016272411621
E06000051,Shropshire,,E92000001E06000051,Shropshire,"740",7.74360352915371
W06000003,Conwy,Conwy,W92000004W06000003,Conwy,"1269",15.7343715345846
E07000201,Forest Heath,,E92000001E07000201,Forest Heath,"911",12.5904712362412
E07000153,Kettering,,E92000001E07000153,Kettering,"902",10.1804129359536
E07000125,Rossendale,,E92000001E07000125,Rossendale,"262",1.61788560305142
E09000016,Havering,,E92000001E09000016,Havering,"1178",4.13674404865976
E09000017,Hillingdon,,E92000001E09000017,Hillingdon,"1666",4.22185577106721
E07000070,Chelmsford,,E92000001E07000070,Chelmsford,"1081",1.54541861755696
E06000048,Northumberland,,E92000001E06000048,Northumberland,"142",26.8463982583077
E41000324,"City of London,Westminster",,E92000001E41000324,"City of London,Westminster","1217",2.04434187325265
E07000168,Scarborough,,E92000001E07000168,Scarborough,"20",7.98850612408762
E07000112,Shepway,,E92000001E07000112,Shepway,"1035",4.9562496018885
E07000174,Mansfield,,E92000001E07000174,Mansfield,"648",4.03506646889475
E07000095,Broxbourne,,E92000001E07000095,Broxbourne,"1079",3.19983112343503
E07000203,Mid Suffolk,,E92000001E07000203,Mid Suffolk,"800",6.35143640486633
E07000142,West Lindsey,,E92000001E07000142,West Lindsey,"371",9.48461738113386
W06000011,Swansea,Abertawe,W92000004W06000011,Swansea,"1291",2.32551570510894
E06000038,Reading,,E92000001E06000038,Reading,"1257",1.48322860602572
E06000008,Blackburn with Darwen,,E92000001E06000008,Blackburn with Darwen,"205",0.239251792640182
S12000023,Orkney Islands,,S92000003S12000023,Orkney Islands,"1566",224.462745487084
S12000034,Aberdeenshire,,S92000003S12000034,Aberdeenshire,"1547",42.804101778828
E07000066,Basildon,,E92000001E07000066,Basildon,"1097",10.4857777281959
E07000205,Suffolk Coastal,,E92000001E07000205,Suffolk Coastal,"1588",20.8208326089022
E07000217,Woking,,E92000001E07000217,Woking,"1172",1.20841788432778
E07000128,Wyre,,E92000001E07000128,Wyre,"392",5.89934641993908
E06000023,"Bristol, City of",,E92000001E06000023,"Bristol, City of","1123",5.05424233938194
E06000025,South Gloucestershire,,E92000001E06000025,South Gloucestershire,"1238",3.4398171763517
E07000084,Basingstoke and Deane,,E92000001E07000084,Basingstoke and Deane,"1253",9.05753528496433
E07000131,Harborough,,E92000001E07000131,Harborough,"900",7.91587406943675
S12000010,East Lothian,,S92000003S12000010,East Lothian,"1419",4.21672298132015
E07000012,South Cambridgeshire,,E92000001E07000012,South Cambridgeshire,"739",3.34110030594667
E07000063,Lewes,,E92000001E07000063,Lewes,"1065",0.808497971173285
E08000031,Wolverhampton,,E92000001E08000031,Wolverhampton,"950",0.325850299652728
E09000004,Bexley,,E92000001E09000004,Bexley,"1012",2.84402785051526
E07000117,Burnley,,E92000001E07000117,Burnley,"340",0.973813760599183
E06000036,Bracknell Forest,,E92000001E06000036,Bracknell Forest,"1649",7.7227626240097
E06000009,Blackpool,,E92000001E06000009,Blackpool,"355",1.69947313344459
E07000088,Gosport,,E92000001E07000088,Gosport,"1096",2.02930016552827
95EE,Ballymoney,,N9200000295EE,Ballymoney,"1365",121.574312032705
W06000024,Merthyr Tydfil,Merthyr Tudful,W92000004W06000024,Merthyr Tydfil,"1282",0.709048560385839
E07000109,Gravesham,,E92000001E07000109,Gravesham,"1022",4.85338169599952
E07000104,Welwyn Hatfield,,E92000001E07000104,Welwyn Hatfield,"1076",2.382809505911
E08000007,Stockport,,E92000001E08000007,Stockport,"1609",3.13983115522666
95NN,Down,,N9200000295NN,Down,"1313",138.016705146735
E07000089,Hart,,E92000001E07000089,Hart,"1169",1.952943147044
95TT,Magherafelt,,N9200000295TT,Magherafelt,"1365",151.311133037106
E06000003,Redcar and Cleveland,,E92000001E06000003,Redcar and Cleveland,"70",7.37744033539937
95RR,Limavady,,N9200000295RR,Limavady,"1549",155.220654679402
E08000009,Trafford,,E92000001E08000009,Trafford,"385",3.48934463860862
E07000106,Canterbury,,E92000001E07000106,Canterbury,"1187",1.08593953599361
E07000143,Breckland,,E92000001E07000143,Breckland,"840",10.4853798873905
W06000002,Gwynedd,Gwynedd,W92000004W06000002,Gwynedd,"1274",18.5862567789142
E07000156,Wellingborough,,E92000001E07000156,Wellingborough,"789",2.69762081813031
E07000029,Copeland,,E92000001E07000029,Copeland,"7",4.37793916890358
E09000020,Kensington and Chelsea,,E92000001E09000020,Kensington and Chelsea,"1602",1.70130767837335
E08000002,Bury,,E92000001E08000002,Bury,"230",2.56300762853338
95KK,Cookstown,,N9200000295KK,Cookstown,"1365",160.877827555061
95CC,Armagh,,N9200000295CC,Armagh,"1313",173.109289246139
E07000227,Horsham,,E92000001E07000227,Horsham,"1028",13.3523129204082
E09000009,Ealing,,E92000001E09000009,Ealing,"1230",1.4770548455864
E07000210,Mole Valley,,E92000001E07000210,Mole Valley,"1245",2.46712558800855
E07000065,Wealden,,E92000001E07000065,Wealden,"1067",11.5358438873164
E06000011,East Riding of Yorkshire,,E92000001E06000011,East Riding of Yorkshire,"539",3.8037465358115
E07000191,West Somerset,,E92000001E07000191,West Somerset,"1051",20.8647574945139
E07000042,Mid Devon,,E92000001E07000042,Mid Devon,"1152",9.92001720593302
E06000033,Southend-on-Sea,,E92000001E06000033,Southend-on-Sea,"1082",22.0183252531708
E07000037,High Peak,,E92000001E07000037,High Peak,"258",10.6509492540352
E08000005,Rochdale,,E92000001E08000005,Rochdale,"178",0.806125109905658
W06000001,Isle of Anglesey,Ynys Môn,W92000004W06000001,Isle of Anglesey,"1316",9.55068412350332
E07000034,Chesterfield,,E92000001E07000034,Chesterfield,"259",2.04440351971096
S12000039,West Dunbartonshire,,S92000003S12000039,West Dunbartonshire,"1451",3.63882030584705
E07000090,Havant,,E92000001E07000090,Havant,"1057",1.75535716519471
E07000137,East Lindsey,,E92000001E07000137,East Lindsey,"368",6.24280322866927
E09000027,Richmond upon Thames,,E92000001E09000027,Richmond upon Thames,"1655",1.98807399606557
E07000151,Daventry,,E92000001E07000151,Daventry,"787",6.24829306382751
E07000229,Worthing,,E92000001E07000229,Worthing,"1087",1.7213510344193
E07000093,Test Valley,,E92000001E07000093,Test Valley,"1048",11.5800246829693
95UU,Moyle,,N9200000295UU,Moyle,"1549",108.106774721793
E07000195,Newcastle-under-Lyme,,E92000001E07000195,Newcastle-under-Lyme,"619",0.954206032983956
E09000002,Barking and Dagenham,,E92000001E09000002,Barking and Dagenham,"1179",4.20241641950762
E09000010,Enfield,,E92000001E09000010,Enfield,"1130",1.37830092474657
E08000010,Wigan,,E92000001E08000010,Wigan,"221",1.69327389726423
E08000026,Coventry,,E92000001E08000026,Coventry,"870",0.19907004116689
E06000046,Isle of Wight,,E92000001E06000046,Isle of Wight,"1096",19.5380181935755
S12000026,Scottish Borders,,S92000003S12000026,Scottish Borders,"1322",7.3102945565359
E07000213,Spelthorne,,E92000001E07000213,Spelthorne,"984",1.31111312540641
E07000087,Fareham,,E92000001E07000087,Fareham,"1056",1.45070398318268
E07000079,Cotswold,,E92000001E07000079,Cotswold,"1587",9.90687296249188
E07000130,Charnwood,,E92000001E07000130,Charnwood,"849",1.45441249070609
E07000113,Swale,,E92000001E07000113,Swale,"1183",15.4099969743005
95SS,Lisburn,,N9200000295SS,Lisburn,"1365",142.480335481883
E06000040,Windsor and Maidenhead,,E92000001E06000040,Windsor and Maidenhead,"1234",4.70354561787853
E07000038,North East Derbyshire,,E92000001E07000038,North East Derbyshire,"1674",5.16981848452785
E08000028,Sandwell,,E92000001E08000028,Sandwell,"946",2.70038074657033
E06000029,Poole,,E92000001E06000029,Poole,"1150",3.22406555349827
E07000145,Great Yarmouth,,E92000001E07000145,Great Yarmouth,"838",5.0402035846557
E07000129,Blaby,,E92000001E07000129,Blaby,"936",4.20463945876786
E07000124,Ribble Valley,,E92000001E07000124,Ribble Valley,"513",3.7191770944328
95AA,Antrim,,N9200000295AA,Antrim,"1365",134.098081444513
E06000032,Luton,,E92000001E06000032,Luton,"629",11.3869866590751
E07000175,Newark and Sherwood,,E92000001E07000175,Newark and Sherwood,"696",3.4856922123767
E07000064,Rother,,E92000001E07000064,Rother,"1040",7.69638926232597
E08000021,Newcastle upon Tyne,,E92000001E08000021,Newcastle upon Tyne,"127",6.36703067142579
E07000237,Worcester,,E92000001E07000237,Worcester,"779",0.390276979457238
E07000179,South Oxfordshire,,E92000001E07000179,South Oxfordshire,"1235",9.57591045896232
95II,Castlereagh,,N9200000295II,Castlereagh,"1365",128.65465634553
E07000149,South Norfolk,,E92000001E07000149,South Norfolk,"921",5.87206224563096
E07000187,Mendip,,E92000001E07000187,Mendip,"1121",23.2176975253367
S12000035,Argyll & Bute,,S92000003S12000035,Argyll & Bute,"1447",69.4044621836967
E07000077,Uttlesford,,E92000001E07000077,Uttlesford,"632",4.527535519571
95GG,Belfast,,N9200000295GG,Belfast,"1365",127.100242266823
S12000028,South Ayrshire,,S92000003S12000028,South Ayrshire,"1365",20.0143665816252
E07000011,Huntingdonshire,,E92000001E07000011,Huntingdonshire,"862",5.01441178533362
E07000083,Tewkesbury,,E92000001E07000083,Tewkesbury,"624",2.1027362177686
E07000127,West Lancashire,,E92000001E07000127,West Lancashire,"193",3.41230078721341
E06000005,Darlington,,E92000001E06000005,Darlington,"60",0.189306270201977
E07000008,Cambridge,,E92000001E07000008,Cambridge,"739",0.867738360468975
E07000078,Cheltenham,,E92000001E07000078,Cheltenham,"1587",0.507822604854748
E07000036,Erewash,,E92000001E07000036,Erewash,"600",4.29111871168169
E06000037,West Berkshire,,E92000001E06000037,West Berkshire,"1115",5.91188604132507
E07000045,Teignbridge,,E92000001E07000045,Teignbridge,"1160",9.91505324417031
E06000044,Portsmouth,,E92000001E06000044,Portsmouth,"1624",2.34267156163703
E09000021,Kingston upon Thames,,E92000001E09000021,Kingston upon Thames,"1104",1.90069119460048
E08000003,Manchester,,E92000001E08000003,Manchester,"437",2.71261651039817
E08000011,Knowsley,,E92000001E08000011,Knowsley,"389",1.72161908103677
E08000023,South Tyneside,,E92000001E08000023,South Tyneside,"101",0.543984257079103
95OO,Dungannon,,N9200000295OO,Dungannon,"1365",186.334320796216
E07000068,Brentwood,,E92000001E07000068,Brentwood,"1127",2.78819276468025
S12000027,Shetland Islands,,S92000003S12000027,Shetland Islands,"1566",341.005291113003
E07000080,Forest of Dean,,E92000001E07000080,Forest of Dean,"1554",1.79284851970956
W06000008,Ceredigion,Ceredigion,W92000004W06000008,Ceredigion,"1258",56.8787263621335
E07000224,Arun,,E92000001E07000224,Arun,"1091",1.01661960236785
E07000225,Chichester,,E92000001E07000225,Chichester,"1093",8.62455403999972
E07000111,Sevenoaks,,E92000001E07000111,Sevenoaks,"1197",8.64128290471904
E07000193,East Staffordshire,,E92000001E07000193,East Staffordshire,"612",2.67946749558281
E06000021,Stoke-on-Trent,,E92000001E06000021,Stoke-on-Trent,"621",1.98713596003189
E07000004,Aylesbury Vale,,E92000001E07000004,Aylesbury Vale,"628",9.66761952111774
E09000032,Wandsworth,,E92000001E09000032,Wandsworth,"996",1.53628162638477
E07000140,South Holland,,E92000001E07000140,South Holland,"597",7.90150711683056
E07000031,South Lakeland,,E92000001E07000031,South Lakeland,"573",5.82410734407437
W06000020,Torfaen,Tor-faen,W92000004W06000020,Torfaen,"1297",13.3084421199732
E07000114,Thanet,,E92000001E07000114,Thanet,"1023",2.9942908779712
E07000134,North West Leicestershire,,E92000001E07000134,North West Leicestershire,"851",4.29533840032816
95LL,Craigavon,,N9200000295LL,Craigavon,"1365",157.419379717761
E08000001,Bolton,,E92000001E08000001,Bolton,"218",2.52107698925882
E07000200,Babergh,,E92000001E07000200,Babergh,"732",2.36669165021619
E09000003,Barnet,,E92000001E09000003,Barnet,"1129",5.0415842957321
E07000194,Lichfield,,E92000001E07000194,Lichfield,"755",1.82787262519873
E07000118,Chorley,,E92000001E07000118,Chorley,"196",0.640479150220091
S12000005,Clackmannanshire,,S92000003S12000005,Clackmannanshire,"1483",5.98451575483107
E07000102,Three Rivers,,E92000001E07000102,Three Rivers,"1135",3.36864587758251
95PP,Fermanagh,,N9200000295PP,Fermanagh,"1365",230.056438204553
95WW,Newtownabbey,,N9200000295WW,Newtownabbey,"1365",119.693560032889
S12000044,North Lanarkshire,,S92000003S12000044,North Lanarkshire,"1333",0.928705841631415
E07000150,Corby,,E92000001E07000150,Corby,"934",3.00924440562098
E09000026,Redbridge,,E92000001E09000026,Redbridge,"1179",3.03520362363225
E06000015,Derby,,E92000001E06000015,Derby,"606",0.446182470245509
E07000040,East Devon,,E92000001E07000040,East Devon,"1152",14.8150324249376
E07000170,Ashfield,,E92000001E07000170,Ashfield,"649",1.13309962697069
E07000096,Dacorum,,E92000001E07000096,Dacorum,"1074",1.71552710929025
E07000165,Harrogate,,E92000001E07000165,Harrogate,"486",3.45286966816264
E07000107,Dartford,,E92000001E07000107,Dartford,"1017",2.50362700560995
E07000122,Pendle,,E92000001E07000122,Pendle,"516",1.03209528581315
E09000022,Lambeth,,E92000001E09000022,Lambeth,"997",2.98370467042986
E07000207,Elmbridge,,E92000001E07000207,Elmbridge,"1108",2.59783028362345
E07000032,Amber Valley,,E92000001E07000032,Amber Valley,"700",2.27351564785779
E06000007,Warrington,,E92000001E06000007,Warrington,"1568",2.44345018133908
E07000092,Rushmoor,,E92000001E07000092,Rushmoor,"1171",2.49454417846067
E07000223,Adur,,E92000001E07000223,Adur,"1058",1.93704588467571
95BB,Ards,,N9200000295BB,Ards,"1365",124.136340991386
E07000176,Rushcliffe,,E92000001E07000176,Rushcliffe,"682",6.26139613844438
E07000144,Broadland,,E92000001E07000144,Broadland,"834",7.75156467464347
E07000236,Redditch,,E92000001E07000236,Redditch,"783",8.23324527003867
E09000012,Hackney,,E92000001E09000012,Hackney,"1210",0.362093605462316
E08000027,Dudley,,E92000001E08000027,Dudley,"946",6.29616992261568
E07000238,Wychavon,,E92000001E07000238,Wychavon,"780",8.65960928202805
E07000053,Weymouth and Portland,,E92000001E07000053,Weymouth and Portland,"1156",12.6500905042447
E09000014,Haringey,,E92000001E09000014,Haringey,"1683",0.379557594361311
S12000033,Aberdeen City,,S92000003S12000033,Aberdeen City,"1566",5.7177421205675
S12000042,Dundee City,,S92000003S12000042,Dundee City,"1653",0.86307923834907
E07000073,Harlow,,E92000001E07000073,Harlow,"714",2.04212954813077
E06000050,Cheshire West and Chester,,E92000001E06000050,Cheshire West and Chester,"811",3.23333241883399
W06000018,Caerphilly,Caerffili,W92000004W06000018,Caerphilly,"1286",8.56055118524492
E06000019,"Herefordshire, County of",,E92000001E06000019,"Herefordshire, County of","779",37.4117731927296
E09000031,Waltham Forest,,E92000001E09000031,Waltham Forest,"1132",2.49037623061854
E07000085,East Hampshire,,E92000001E07000085,East Hampshire,"1057",20.8441033546197
E09000007,Camden,,E92000001E09000007,Camden,"1212",0.202137010270459
E07000152,East Northamptonshire,,E92000001E07000152,East Northamptonshire,"863",3.21809372415529
E07000212,Runnymede,,E92000001E07000212,Runnymede,"1111",4.51238455964319
W06000004,Denbighshire,Sir Ddinbych,W92000004W06000004,Denbighshire,"1293",16.7545524589003
E09000030,Tower Hamlets,,E92000001E09000030,Tower Hamlets,"1205",0.4829357021724
E07000071,Colchester,,E92000001E07000071,Colchester,"636",3.75970514432532
E06000010,"Kingston upon Hull, City of",,E92000001E06000010,"Kingston upon Hull, City of","307",2.39239674215645
E07000098,Hertsmere,,E92000001E07000098,Hertsmere,"1077",5.90152230106885
E08000032,Bradford,,E92000001E08000032,Bradford,"522",0.795571226771857
E09000018,Hounslow,,E92000001E09000018,Hounslow,"987",0.62146097027727
95YY,Omagh,,N9200000295YY,Omagh,"1365",196.607975487682
E09000005,Brent,,E92000001E09000005,Brent,"1682",2.67845582521321
E07000180,Vale of White Horse,,E92000001E07000180,Vale of White Horse,"1140",4.78912769623221
E08000006,Salford,,E92000001E08000006,Salford,"421",0.923353369952474
S12000020,Moray,,S92000003S12000020,Moray,"1566",72.5629940750688
E07000110,Maidstone,,E92000001E07000110,Maidstone,"1177",6.19319615828954
E07000204,St Edmundsbury,,E92000001E07000204,St Edmundsbury,"797",3.88991889322903
E09000015,Harrow,,E92000001E09000015,Harrow,"1223",0.55334245511683
E07000074,Maldon,,E92000001E07000074,Maldon,"1082",7.26990691517107
E07000211,Reigate and Banstead,,E92000001E07000211,Reigate and Banstead,"1243",1.24730302224942
E08000033,Calderdale,,E92000001E08000033,Calderdale,"269",0.27958553947033
E07000027,Barrow-in-Furness,,E92000001E07000027,Barrow-in-Furness,"1685",2.18600578249968
E07000164,Hambleton,,E92000001E07000164,Hambleton,"578",2.30614146377557
E07000146,King's Lynn and West Norfolk,,E92000001E07000146,King's Lynn and West Norfolk,"842",4.64797208956955
E07000136,Boston,,E92000001E07000136,Boston,"687",1.92545434865855
E07000094,Winchester,,E92000001E07000094,Winchester,"1046",9.80150890359362
E09000013,Hammersmith and Fulham,,E92000001E09000013,Hammersmith and Fulham,"1602",3.35893688040498
E06000012,North East Lincolnshire,,E92000001E06000012,North East Lincolnshire,"464",4.37156374356856
S12000011,East Renfrewshire,,S92000003S12000011,East Renfrewshire,"1393",7.24660590533558
E08000004,Oldham,,E92000001E08000004,Oldham,"233",1.52865038230593
E06000041,Wokingham,,E92000001E06000041,Wokingham,"978",3.1587013027468
E08000036,Wakefield,,E92000001E08000036,Wakefield,"483",3.11430916961275
W06000021,Monmouthshire,Sir Fynwy,W92000004W06000021,Monmouthshire,"1297",19.0735114782375
E08000029,Solihull,,E92000001E08000029,Solihull,"876",2.03300546588269
E07000043,North Devon,,E92000001E07000043,North Devon,"1025",13.8302349737134
E08000014,Sefton,,E92000001E08000014,Sefton,"197",3.73119655493176
E06000049,Cheshire East,,E92000001E06000049,Cheshire East,"666",3.65538970621377
E07000171,Bassetlaw,,E92000001E07000171,Bassetlaw,"376",0.738717185307374
E07000239,Wyre Forest,,E92000001E07000239,Wyre Forest,"781",16.4660642646318
E08000013,St. Helens,,E92000001E08000013,St. Helens,"405",1.99718962562639
E07000116,Tunbridge Wells,,E92000001E07000116,Tunbridge Wells,"1033",6.87439782032773
S12000014,Falkirk,,S92000003S12000014,Falkirk,"1457",1.22169408112669
E06000026,Plymouth,,E92000001E06000026,Plymouth,"1161",3.89215461768364
E06000031,Peterborough,,E92000001E06000031,Peterborough,"932",1.79749405148457
E07000181,West Oxfordshire,,E92000001E07000181,West Oxfordshire,"626",16.5662846239756
E08000035,Leeds,,E92000001E08000035,Leeds,"1579",3.1059036984718
S12000036,"Edinburgh, City of",,S92000003S12000036,"Edinburgh, City of","1429",1.59355207436422
S12000029,South Lanarkshire,,S92000003S12000029,South Lanarkshire,"1369",12.5379629122092
E07000051,Purbeck,,E92000001E07000051,Purbeck,"1159",1.33458379055125
E07000005,Chiltern,,E92000001E07000005,Chiltern,"1074",10.516445703629
E09000008,Croydon,,E92000001E09000008,Croydon,"1098",3.11920576497875
W06000014,The Vale of Glamorgan,Bro Morgannwg,W92000004W06000014,The Vale of Glamorgan,"1302",8.618266294704
E07000039,South Derbyshire,,E92000001E07000039,South Derbyshire,"884",4.01431465187682
E07000155,South Northamptonshire,,E92000001E07000155,South Northamptonshire,"775",8.92330571788769
E06000042,Milton Keynes,,E92000001E06000042,Milton Keynes,"727",5.08166857480196
E06000002,Middlesbrough,,E92000001E06000002,Middlesbrough,"68",3.53440153907708
S12000008,East Ayrshire,,S92000003S12000008,East Ayrshire,"1366",1.76602481619115
95VV,Newry and Mourne,,N9200000295VV,Newry and Mourne,"1313",142.962303808052
S12000041,Angus,,S92000003S12000041,Angus,"1532",8.24312341894102
E07000006,South Bucks,,E92000001E07000006,South Bucks,"1233",5.30248790819532
E07000044,South Hams,,E92000001E07000044,South Hams,"1163",3.62475271062564
E07000007,Wycombe,,E92000001E07000007,Wycombe,"1234",17.7565774974182
E07000069,Castle Point,,E92000001E07000069,Castle Point,"1021",16.3317583824363
E07000228,Mid Sussex,,E92000001E07000228,Mid Sussex,"1043",0.0685227685494217
E07000009,East Cambridgeshire,,E92000001E07000009,East Cambridgeshire,"802",6.02546529918141
E07000206,Waveney,,E92000001E07000206,Waveney,"920",10.6320193224828
E06000043,Brighton and Hove,,E92000001E06000043,Brighton and Hove,"1638",2.04989259978913
E07000163,Craven,,E92000001E07000163,Craven,"560",5.60816310478426
S12000021,North Ayrshire,,S92000003S12000021,North Ayrshire,"1549",10.8111192446849
E08000016,Barnsley,,E92000001E08000016,Barnsley,"243",4.21841236638671
E07000100,St Albans,,E92000001E07000100,St Albans,"1076",8.6484196646426
E07000178,Oxford,,E92000001E07000178,Oxford,"1073",1.72182140976894
E07000076,Tendring,,E92000001E07000076,Tendring,"638",10.8676035173183
E07000215,Tandridge,,E92000001E07000215,Tandridge,"1199",2.21192703616895
E07000135,Oadby and Wigston,,E92000001E07000135,Oadby and Wigston,"767",5.29425785832972
E07000067,Braintree,,E92000001E07000067,Braintree,"634",5.01198323705209
E08000012,Liverpool,,E92000001E08000012,Liverpool,"396",1.91986787151506
E07000091,New Forest,,E92000001E07000091,New Forest,"1148",5.95581960570122
E08000019,Sheffield,,E92000001E08000019,Sheffield,"448",4.26024929600318
E08000015,Wirral,,E92000001E08000015,Wirral,"1669",4.31141242906695
E06000028,Bournemouth,,E92000001E06000028,Bournemouth,"1151",10.753902940533
E07000028,Carlisle,,E92000001E07000028,Carlisle,"109",9.76287916658359
E07000235,Malvern Hills,,E92000001E07000235,Malvern Hills,"779",13.6597548496974
E07000123,Preston,,E92000001E07000123,Preston,"393",4.89292455882578
E07000139,North Kesteven,,E92000001E07000139,North Kesteven,"660",16.0089589226963
S12000017,Highland,,S92000003S12000017,Highland,"1513",150.822897460463
W06000009,Pembrokeshire,Sir Benfro,W92000004W06000009,Pembrokeshire,"1292",67.3593308195122
E07000167,Ryedale,,E92000001E07000167,Ryedale,"581",5.60682804157241
E06000022,Bath and North East Somerset,,E92000001E06000022,Bath and North East Somerset,"1119",6.9169818676278
E07000192,Cannock Chase,,E92000001E07000192,Cannock Chase,"750",7.25095047105628
E07000061,Eastbourne,,E92000001E07000061,Eastbourne,"1084",0.239814721792924
E07000172,Broxtowe,,E92000001E07000172,Broxtowe,"676",3.35163999780098
E07000202,Ipswich,,E92000001E07000202,Ipswich,"1588",1.42079068039245
E07000154,Northampton,,E92000001E07000154,Northampton,"774",5.07756717225687
E07000214,Surrey Heath,,E92000001E07000214,Surrey Heath,"1172",7.54749518673937
E07000086,Eastleigh,,E92000001E07000086,Eastleigh,"1055",4.89573634424259
E07000147,North Norfolk,,E92000001E07000147,North Norfolk,"890",20.0622486980945
E08000025,Birmingham,,E92000001E08000025,Birmingham,"1591",1.55537754651482
E07000049,East Dorset,,E92000001E07000049,East Dorset,"1151",8.59656516021361
E07000046,Torridge,,E92000001E07000046,Torridge,"1025",19.9505030390558
E06000004,Stockton-on-Tees,,E92000001E06000004,Stockton-on-Tees,"63",0.398227971454891
S12000024,Perth & Kinross,,S92000003S12000024,Perth & Kinross,"1511",26.1456795944979
E07000169,Selby,,E92000001E07000169,Selby,"315",2.31265304925018
